,Gregmat,Magoosh,Manhattan,Prep Scholar,Powerscore,Vince Kotchian / Brian McElroy,Greenlight Basic,Greenlight Advanced,,Work,Meaning,,,,,,,,,,,,,
1,abate,aberrant,abase,abate,abdicate,abase,abash,abjure,,berate ,scold or critisize angrily,,,,,,,,,,,,,
2,abet,aberration,abate,aberrant,aberrant,abashed,abate,abrogate,,whit,small part or amount,,,,,,,,,,,,,
3,abhor,abjure,abdicate,abjure,abeyance,abate,aberrant,abscission,,aplomb ,self confidence or assurance,,,,,,,,,,,,,
4,abjure,aboveboard,aberrant,abscond,abjure,aberration,abject,acarpous,,prevarication,lying,,,,,,,,,,,,,
5,abound,abrogate,abeyance,abstain,abstemious,abeyance,abrasive,accession,,rambling,length or confused,,,,,,,,,,,,,
6,abreast,abstain,abhor,acumen,abstruse,abhors,abscond,accolade,,labyrinthine,irregular  or twisting,,,,,,,,,,,,,
7,abstain,abstruse,abjure,admonish,accretion,abject,abstain,accretion,,terse ,straight to point,,,,,,,,,,,,,
8,accentuate,abysmal,abrasive,adulterate,acerbic,abnegate,abysmal,acerbic,,aphorsim,"short sayings,general truth",,,,,,,,,,,,,
9,accessible,accolade,abreast,advocate,acidulous,abomination,acquiesce,acumen,,ignominy,"embaressment , shame",,,,,,,,,,,,,
10,acclaim,acerbic,abridge,aesthetic,acme,aboriginal,acrid,adroit,,bleak,"bare , exposed, harsh",,,,,,,,,,,,,
11,acolyte,acme,abscission,affectation,acumen,abort,adherent,adulation,,garbled,"distorted , unclear",,,,,,,,,,,,,
12,acquiesce,acrimony,abscond,aggrandize,adroit,abound,admonish,adumbrate,,insinuate,egressivly assume something,,,,,,,,,,,,,
13,acquisitive,adamant,abstain,alacrity,aerie,abrasive,adulterate,advent,,ephemeral,short lived,,,,,,,,,,,,,
14,acrimonious,adjudicate,abyss,alleviate,aesthetic,abridge,adversity,affective,,,,,,,,,,,,,,,,
15,acumen,admonish,accede,amalgamate,affable,abrogate,advocate,agape,,,,,,,,,,,,,,,,
16,admonish,admonitory,accretion,ambiguous,affected,abscission,aesthetic,agglutination,,,,,,,,,,,,,,,,
17,adroit,advocate,acerbic,ambivalent,aggrandize,absolute,affable,aggrandize,,,,,,,,,,,,,,,,
18,adulterate,aesthete,acidulous,ameliorate,alacrity,absolve,affectation,alacrity,,,,,,,,,,,,,,,,
19,advocate,aesthetic,acme,amenable,alchemy,abstemious,aggravate,alloy,,,,,,,,,,,,,,,,
20,aesthetic,affable,activism,anachronism,amalgamation,abstruse,aggregate,amity,,,,,,,,,,,,,,,,
21,affectation,affluent,acumen,analogous,ameliorate,abysmal,aghast,anachronistic,,,,,,,,,,,,,,,,
22,affinity,afford,adhere,anoint,amenable,accede,alchemy,anathema,,,,,,,,,,,,,,,,
23,aggrandize,alacrity,admonish,anomaly,amiable,accolade,allege,anodyne,,,,,,,,,,,,,,,,
24,alacrity,altruism,adulterate,antipathy,amortize,accretion,allusion,apex,,,,,,,,,,,,,,,,
25,alienate,amalgam,adumbrate,antithetical,amulet,accumulate,amalgamate,apocryphal,,,,,,,,,,,,,,,,
26,alleviate,ambiguous,adverse,apathy,anachronistic,acerbic,ambience,apogee,,,,,,,,,,,,,,,,
27,allusive,ambivalent,advocate,appease,analgesic,acidulous,ambiguous,apostate,,,,,,,,,,,,,,,,
28,aloof,ameliorate,aerie,arbitrary,anodyne,acme,ameliorate,apotheosis,,,,,,,,,,,,,,,,
29,altruistic,amenable,aesthetic,arcane,anthropocentrism,acquisitive,amenable,apposite,,,,,,,,,,,,,,,,
30,amalgamate,amiable,affable,archaic,antipathy,acrimonious,amiable,approbation,,,,,,,,,,,,,,,,
31,ambivalent,amorphous,affectation,arduous,apathy,acumen,amorous,appropriate,,,,,,,,,,,,,,,,
32,ameliorate,amply,aggrandize,articulate,apocryphal,adamant,amorphous,arabesque,,,,,,,,,,,,,,,,
33,amenable,amuck,aggregate,artless,apostate,adept,amortize,arrant,,,,,,,,,,,,,,,,
34,amend,anachronism,alacrity,ascetic,approbation,adequate,anarchy,artless,,,,,,,,,,,,,,,,
35,amorphous,analogous,albeit,assuage,archaic,adhere,ancillary,ascetic,,,,,,,,,,,,,,,,
36,anachronistic,anathema,alienate,astonishment,ardor,admonished,androgynous,asperity,,,,,,,,,,,,,,,,
37,analogous,anemic,alleviate,audacious,arrogate,adorned,anesthetic,aspersion,,,,,,,,,,,,,,,,
38,animus,animosity,aloof,austere,ascertain,adroit,animosity,assay,,,,,,,,,,,,,,,,
39,anoint,anodyne,amalgamate,avarice,ascetic,adulation,anomalous,asseverate,,,,,,,,,,,,,,,,
40,anomalous,anomalous,ambiguous,aver,assail,adulterate,anomaly,assiduous,,,,,,,,,,,,,,,,
41,antedate,anomaly,ambivalent,banal,assiduous,adversary,antecedent,astringent,,,,,,,,,,,,,,,,
42,antipathy,antedated,ameliorate,belie,assuage,advocate,anthology,attenuate,,,,,,,,,,,,,,,,
43,antithesis,antic,amortize,benign,attenuate,aegis,antipathy,attrition,,,,,,,,,,,,,,,,
44,apathy,antipathy,anachronism,biased,audacious,aesthetic,antithesis,augury,,,,,,,,,,,,,,,,
45,apologist,antiquated,analgesia,bolster,augment,affable,apprise,august,,,,,,,,,,,,,,,,
46,appease,antithetical,analogous,bombastic,augury,affectation,approbation,auspice,,,,,,,,,,,,,,,,
47,approbation,apathetic,anarchy,brazen,august,affiliated,arbitrary,auspicious,,,,,,,,,,,,,,,,
48,apropos,apathy,annul,bucolic,auspicious,affront,arcane,avarice,,,,,,,,,,,,,,,,
49,apt,apex,anodyne,burgeon,austere,aggrandized,archaic,axiomatic,,,,,,,,,,,,,,,,
50,arbitrary,aphorism,anoint,cacophony,autonomy,aghast,archetype,baleful,,,,,,,,,,,,,,,,
51,arcane,aphoristic,anomaly,calumny,avarice,alacrity,ardent,banal,,,,,,,,,,,,,,,,
52,archaic,aplomb,antagonize,candid,avuncular,algorithm,ardor,bane,,,,,,,,,,,,,,,,
53,arduous,apocryphal,antedate,canon,axiom,alleviate,arduous,beatify,,,,,,,,,,,,,,,,
54,arresting,apogee,antithetical,capacity,banal,allusion,arrest,bedizen,,,,,,,,,,,,,,,,
55,artless,apostate,apathy,capricious,belfry,altruistic,articulate,beget,,,,,,,,,,,,,,,,
56,ascertain,apothegm,apocryphal,castigate,benevolent,amalgamate,assimilate,bent,,,,,,,,,,,,,,,,
57,ascetic,apotheosis,apostate,catalyst,bevy,ambiguity,assuage,bilge,,,,,,,,,,,,,,,,
58,ascribe,appease,apostle,caustic,bifurcate,ambivalence,astute,blandish,,,,,,,,,,,,,,,,
59,assail,appreciable,apposite,censure,bilk,ameliorated,audacious,blithe,,,,,,,,,,,,,,,,
60,assertive,apprehension,apprise,chauvinist,blight,amenable,augment,brook,,,,,,,,,,,,,,,,
61,assuage,approbatory,approbation,chicanery,blithe,amicable,austere,byzantine,,,,,,,,,,,,,,,,
62,astringent,appropriate,appropriate,chronological,bombast,amortize,authoritarian,cabal,,,,,,,,,,,,,,,,
63,astute,appurtenant,arbiter,coalesce,bonhomie,ample,aver,cachinnate,,,,,,,,,,,,,,,,
64,attenuate,arbitrary,arcane,cogent,boor,anachronism,aversion,cacophony,,,,,,,,,,,,,,,,
65,audacious,arcane,archaic,commensurate,bromide,analogue,avid,cadge,,,,,,,,,,,,,,,,
66,augment,arch,ardent,compelling,bucolic,anathema,avow,cajole,,,,,,,,,,,,,,,,
67,austere,archaic,arduous,comprehensive,burgeon,anile,bedlam,calumniate,,,,,,,,,,,,,,,,
68,avaricious,arduous,arrogate,condone,burnish,animosity,belabor,calumny,,,,,,,,,,,,,,,,
69,aversion,arrant,articulate,confound,byzantine,annotation,beleaguer,canard,,,,,,,,,,,,,,,,
70,banal,arriviste,artifact,connoisseur,cabal,annul,belie,canon,,,,,,,,,,,,,,,,
71,banish,arrogate,artless,consequential,cacophony,anodyne,bellicose,canonical,,,,,,,,,,,,,,,,
72,baroque,artful,ascertain,construe,cajole,anomaly,belligerent,caparison,,,,,,,,,,,,,,,,
73,base,artifice,ascetic,consumption,callous,antedate,beneficent,capitulate,,,,,,,,,,,,,,,,
74,befuddled,artless,ascribe,contend,calumny,antediluvian,benign,captious,,,,,,,,,,,,,,,,
75,belie,artlessness,aseptic,contentious,canard,antipode,bent,caret,,,,,,,,,,,,,,,,
76,belligerent,ascendancy,asperity,contrite,canonical,antithesis,bereave,caterwauling,,,,,,,,,,,,,,,,
77,beneficent,ascetic,aspersions,convoluted,cantankerous,apace,boisterous,cavil,,,,,,,,,,,,,,,,
78,benevolent,ascribe,assail,copious,capricious,apartheid,bolster,celerity,,,,,,,,,,,,,,,,
79,benign,askance,assiduous,cosmopolitan,cartographer,aplomb,bombast,chagrin,,,,,,,,,,,,,,,,
80,berate,asperity,assuage,covet,castigate,apocryphal,brevity,chasten,,,,,,,,,,,,,,,,
81,betray,assail,attenuate,craft,cataclysm,apoplectic,broach,chicanery,,,,,,,,,,,,,,,,
82,blithe,assiduously,attuned,craven,cathartic,apostle,buff,chide,,,,,,,,,,,,,,,,
83,bogus,assuage,audacious,credence,catholic,apothegm,burgeon,chimera,,,,,,,,,,,,,,,,
84,boisterous,atavism,augment,credulous,caustic,apotheosis,burnish,choleric,,,,,,,,,,,,,,,,
85,bolster,attenuate,augury,decorum,cavalier,appease,buttress,churlish,,,,,,,,,,,,,,,,
86,boorish,audacious,august,deference,censure,apportion,candor,cleave,,,,,,,,,,,,,,,,
87,brazen,audacity,austere,deflect,charlatan,apposite,capricious,coda,,,,,,,,,,,,,,,,
88,bridle,augment,autonomous,deftness,chary,approbation,cardinal,coeval,,,,,,,,,,,,,,,,
89,brook,auspicious,avarice,delineate,chicanery,apropos,castigation,collusion,,,,,,,,,,,,,,,,
90,bucolic,austere,aver,demur,churlish,arbitrary,catalyst,comely,,,,,,,,,,,,,,,,
91,buoyant,autocratic,avid,denigrate,circumlocution,arcane,caustic,conflate,,,,,,,,,,,,,,,,
92,burgeon,autonomously,axiom,deride,circumscribed,arch,cavalier,consonant,,,,,,,,,,,,,,,,
93,buttress,avarice,balk,derivative,circumspect,archaic,censure,consummate,,,,,,,,,,,,,,,,
94,byzantine,avaricious,balloon,desiccate,clandestine,arduous,centrifuge,contemn,,,,,,,,,,,,,,,,
95,cacophonous,avert,banal,desultory,cloying,arid,chauvinist,contumacious,,,,,,,,,,,,,,,,
96,calumny,avid,bane,detachment,coalesce,arrogate,circumspect,coterie,,,,,,,,,,,,,,,,
97,candid,badger,base,determinant,coffer,articulate,coalesce,coterminous,,,,,,,,,,,,,,,,
98,canny,baleful,baying,diatribe,cogent,artifice,coercive,countenance,,,,,,,,,,,,,,,,
99,canonize,balk,belie,didactic,collusion,artless,cogent,cozen,,,,,,,,,,,,,,,,
100,capricious,banal,beneficent,diffident,conciliate,ascendancy,cognizant,craven,,,,,,,,,,,,,,,,
101,castigate,banality,benign,dilettante,concomitant,ascetic,color,cupidity,,,,,,,,,,,,,,,,
102,cataclysmic,banish,bent,dirge,conflagration,ashen,commensurate,decorous,,,,,,,,,,,,,,,,
103,caustic,base,besiege,disabuse,conspicuous,askew,complaisance,defalcate,,,,,,,,,,,,,,,,
104,cavalier,bastardization,bevy,discern,consummate,asperity,complement,demagogue,,,,,,,,,,,,,,,,
105,censure,beatific,bifurcate,discrepancy,contrite,aspersion,compliant,demur,,,,,,,,,,,,,,,,
106,cerebral,becoming,bilk,disinterested,contumacious,aspiration,conciliatory,denouement,,,,,,,,,,,,,,,,
107,chastise,beg,blight,disparage,convoluted,assail,condemn,deposition,,,,,,,,,,,,,,,,
108,chauvinistic,begrudge,blithe,disparate,corpulent,assiduous,condolence,deprecate,,,,,,,,,,,,,,,,
109,cherish,behooves,bogus,dispassionate,corroborate,assuage,condone,depredate,,,,,,,,,,,,,,,,
110,chicanery,belie,bolster,disregard,cosset,astray,connoisseur,descant,,,,,,,,,,,,,,,,
111,chivalrous,belittle,bombastic,dissemble,coterie,astute,conspicuous,descry,,,,,,,,,,,,,,,,
112,churlish,bellicose,bonhomie,disseminate,craven,attenuate,conspire,desiccate,,,,,,,,,,,,,,,,
113,circumscribe,belligerent,boor,dissonance,crescendo,audacious,consternation,desuetude,,,,,,,,,,,,,,,,
114,circumspect,bemoan,brandish,diverge,culpable,augment,contemptuous,desultory,,,,,,,,,,,,,,,,
115,clamorous,benighted,brook,dogma,cumbersome,august,contentious,diaphanous,,,,,,,,,,,,,,,,
116,clandestine,benign,bucolic,dupe,cupidity,auspicious,contiguous,didactic,,,,,,,,,,,,,,,,
117,clangor,bereft,buffer,ebullient,curmudgeon,austere,contrite,diffident,,,,,,,,,,,,,,,,
118,cloak,besiege,bureaucracy,eccentric,cynical,authoritative,convention,dilatory,,,,,,,,,,,,,,,,
119,coalesce,besmirch,burgeon,eclectic,dalliance,automaton,converge,dirge,,,,,,,,,,,,,,,,
120,coercion,besotted,burnish,efficacy,daunt,autonomous,conversion,disaffect,,,,,,,,,,,,,,,,
121,cogent,betray,buttress,elegy,dearth,avaricious,copious,discomfit,,,,,,,,,,,,,,,,
122,coin,bilious,bygone,elicit,debunk,aver,corroborate,discursive,,,,,,,,,,,,,,,,
123,collaborate,blatant,cacophony,eloquence,debutante,aversion,corrosion,distention,,,,,,,,,,,,,,,,
124,comity,bleak,calumny,eminent,declivity,avuncular,covert,distrait,,,,,,,,,,,,,,,,
125,commence,blinkered,canard,empirical,decorous,badger,covet,doggerel,,,,,,,,,,,,,,,,
126,commensurate,bolster,candid,emulate,deject,baleful,cower,dogmatic,,,,,,,,,,,,,,,,
127,compelling,boon,canonical,enervate,deleterious,banal,credulous,dolorous,,,,,,,,,,,,,,,,
128,competent,boorish,capricious,engender,delineate,base,culpable,dross,,,,,,,,,,,,,,,,
129,complacent,bowdlerize,cardinal,enhance,demagogue,battery,cultured,dulcet,,,,,,,,,,,,,,,,
130,complementary,brazen,cartography,entitlement,demarcate,bauble,cunning,ebullience,,,,,,,,,,,,,,,,
131,comply,bridle,castigate,ephemeral,demur,baying,curmudgeon,edacious,,,,,,,,,,,,,,,,
132,compromise,bristle,catalyst,equable,denigrate,beatific,cursory,edifying,,,,,,,,,,,,,,,,
133,conciliatory,broadside,catholic,equivocate,derelict,beatify,cynical,effluvia,,,,,,,,,,,,,,,,
134,condone,bromide,caustic,erroneous,deride,becalm,damp,effrontery,,,,,,,,,,,,,,,,
135,confound,brook,censure,erudite,derivative,bedlam,daunt,effusive,,,,,,,,,,,,,,,,
136,congenial,browbeat,chauvinism,eschew,desiccate,beguile,dearth,egregious,,,,,,,,,,,,,,,,
137,conjectural,brusquely,chicanery,esoteric,despoiler,behemoth,debacle,egress,,,,,,,,,,,,,,,,
138,connoisseur,buck,chronological,estimable,despot,beleaguered,debased,elegy,,,,,,,,,,,,,,,,
139,consensus,bucolic,circumscribe,eulogy,destitute,belied,debauchery,emollient,,,,,,,,,,,,,,,,
140,conspicuous,bumbling,circumspect,exacerbate,desultory,belittle,decibel,encomium,,,,,,,,,,,,,,,,
141,construe,burgeon,clamber,exacting,diaphanous,bellicose,decimate,endemic,,,,,,,,,,,,,,,,
142,contempt,buttress,clamor,exculpate,diatribe,bemoan,defer,enormity,,,,,,,,,,,,,,,,
143,contend,byzantine,clinch,exigent,dictum,beneficence,deference,epicure,,,,,,,,,,,,,,,,
144,contentious,cadaverous,cloying,exonerate,didactic,benign,deign,epithet,,,,,,,,,,,,,,,,
145,contravene,callow,coagulate,expatiate,diffident,bereft,deleterious,eponymous,,,,,,,,,,,,,,,,
146,contrite,calumny,coalesce,explicate,dilatory,beseech,demure,equanimity,,,,,,,,,,,,,,,,
147,convalescent,canard,coda,exposition,dilettante,bifurcated,denigrate,equipoise,,,,,,,,,,,,,,,,
148,conventional,candid,coffer,extraneous,dirge,bilious,denounce,erudite,,,,,,,,,,,,,,,,
149,convivial,candidness,cogent,extrapolate,disabuse,blasé,deride,eschew,,,,,,,,,,,,,,,,
150,convoluted,capitulate,collude,facetious,discern,blithe,derision,esoteric,,,,,,,,,,,,,,,,
151,copious,capricious,commensurate,facilitate,disdain,bloviated,derivative,essay,,,,,,,,,,,,,,,,
152,cordial,cardinal,compendium,fallacious,disenfranchise,bludgeon,detraction,euphony,,,,,,,,,,,,,,,,
153,correlate,carping,complacent,fastidious,disillusion,bonhomie,deviance,evince,,,,,,,,,,,,,,,,
154,corroborate,castigate,complaisant,fluctuate,disingenuous,boon,deviation,exact,,,,,,,,,,,,,,,,
155,cosmopolitan,cataclysm,complementary,foment,disparage,boor,diabolic,excoriate,,,,,,,,,,,,,,,,
156,countenance,catalyst,compliant,forestall,disparate,bootless,diatribe,exegesis,,,,,,,,,,,,,,,,
157,covert,catholic,concede,fortuitous,dissembler,bowdlerize,dichotomy,exhort,,,,,,,,,,,,,,,,
158,covet,cavalier,conciliatory,fortuitous,disseminate,bravado,diffuse,expatiate,,,,,,,,,,,,,,,,
159,craven,cede,concur,gainsay,dissonance,brazen,digress,expiate,,,,,,,,,,,,,,,,
160,credible,celerity,condone,galvanize,distaff,brevity,dilapidated,exposition,,,,,,,,,,,,,,,,
161,crestfallen,censor,confer,garrulous,dither,bromide,din,expostulate,,,,,,,,,,,,,,,,
162,cumbersome,censure,confound,gauche,diurnal,brusque,disabuse,expound,,,,,,,,,,,,,,,,
163,cumbersome,cerebral,connoisseur,germane,divert,bucolic,discomfit,expurgate,,,,,,,,,,,,,,,,
164,cunning,chagrin,connote,glib,divine,bugbear,discordant,exscind,,,,,,,,,,,,,,,,
165,curb,champion,console,gregarious,doctrinaire,bulwark,discourse,extant,,,,,,,,,,,,,,,,
166,cursory,charlatan,consolidate,guile,dogmatic,bumptious,discreet,extirpate,,,,,,,,,,,,,,,,
167,curtail,chary,constrict,hackneyed,draconian,bungle,discrepancy,extol,,,,,,,,,,,,,,,,
168,daunting,chastise,construe,harangue,droll,buoyant,discrete,facile,,,,,,,,,,,,,,,,
169,dawdle,chauvinism,contentious,hedonism,dubious,burdensome,discretion,fallow,,,,,,,,,,,,,,,,
170,dearth,chauvinist,contextualize,hierarchical,dupe,burgeoning,disingenuous,fatuous,,,,,,,,,,,,,,,,
171,debilitating,check,contraries,homogenous,dyspeptic,buttress,disinterest,feckless,,,,,,,,,,,,,,,,
172,debunk,checkered,contrite,hyperbole,earnest,bygone,disparage,felicitious,,,,,,,,,,,,,,,,
173,decadent,chimera,contumacious,iconoclast,ebullient,byzantine,disparate,fetid,,,,,,,,,,,,,,,,
174,decorum,chivalrous,conundrum,ideological,eclectic,cache,dispersed,filigree,,,,,,,,,,,,,,,,
175,decry,choleric,converge,imminent,edify,cacophony,dissemble,florid,,,,,,,,,,,,,,,,
176,deference,chortle,conversant,immutable,efficacious,cadge,dissolution,foment,,,,,,,,,,,,,,,,
177,deflect,churlish,conversely,impair,effigy,cajole,distill,ford,,,,,,,,,,,,,,,,
178,deft,circumscribe,convoke,impediment,effrontery,calamitous,distraught,fracas,,,,,,,,,,,,,,,,
179,deify,circumvent,convoluted,imperturbable,effusive,callous,divest,fractious,,,,,,,,,,,,,,,,
180,deleterious,clemency,copious,implacable,egalitarian,callow,divulge,frieze,,,,,,,,,,,,,,,,
181,deliberate,coalesce,corroborate,implicit,egregious,calumnious,dogma,froward,,,,,,,,,,,,,,,,
182,demur,cogent,cosmopolitan,imprudence,elegy,camaraderie,dynamo,fulminate,,,,,,,,,,,,,,,,
183,denounce,cohesive,cosset,impudent,elicit,canard,eccentric,fulsome,,,,,,,,,,,,,,,,
184,deride,collusion,coterie,inadvertent,eloquent,canny,eclectic,gainsay,,,,,,,,,,,,,,,,
185,derivative,colossal,countenance,Inchoate,elucidate,canonize,eloquent,gambit,,,,,,,,,,,,,,,,
186,desiccate,commendable,counterintuitive,inconclusive,embroil,capacious,elucidate,gambol,,,,,,,,,,,,,,,,
187,despotic,commensurate,counterpoint,indebted,eminent,capitulate,empirical,garrulous,,,,,,,,,,,,,,,,
188,desultory,complacent,counterproductive,indefatigable,emissary,capricious,emulate,gauche,,,,,,,,,,,,,,,,
189,deviate,complaisant,covert,indolent,emollient,captious,enervate,gauntlet,,,,,,,,,,,,,,,,
190,diatribe,complementary,crafty,infer,empirical,cardinal,engender,gawkishness,,,,,,,,,,,,,,,,
191,dichotomy,complicit,craven,ingenuous,emulate,caricatured,enigmatic,germane,,,,,,,,,,,,,,,,
192,dictate,compound,credibility,inimical,encomium,castigate,enumerate,gnostic,,,,,,,,,,,,,,,,
193,didactic,concede,credulous,Innocuous,endemic,caterwaul,ephemeral,gossamer,,,,,,,,,,,,,,,,
194,diffident,conciliate,crescendo,inscrutable,enervated,causal,episodic,grandiloquence,,,,,,,,,,,,,,,,
195,diffuse,concomitant,culminate,insipid,engender,celerity,epitome,gratuitous,,,,,,,,,,,,,,,,
196,digression,conducive,cupidity,insular,enigma,censure,equivocal,gravitas,,,,,,,,,,,,,,,,
197,dilatory,conflagration,curmudgeon,intensive,ennui,cerebral,equivocate,gregarious,,,,,,,,,,,,,,,,
198,diminutive,conflate,cynical,intermediary,enumerate,chagrin,eradicate,grouse,,,,,,,,,,,,,,,,
199,discernible,confound,daunt,intimate,ephemeral,champion,espouse,guile,,,,,,,,,,,,,,,,
200,discomfit,conniving,debase,intractable,epicure,chary,estimable,guy,,,,,,,,,,,,,,,,
201,discount,consecrate,debunk,intransigent,epistolary,chicanery,ethereal,hackneyed,,,,,,,,,,,,,,,,
202,discreet,conspicuous,declaim,intrepid,equanimity,choleric,eulogy,hallow,,,,,,,,,,,,,,,,
203,discrepancy,constituent,declivity,inveterate,equivocal,chronological,euphemism,harangue,,,,,,,,,,,,,,,,
204,disingenuous,constraint,decorous,invulnerable,ersatz,churlish,evanescent,harrow,,,,,,,,,,,,,,,,
205,disinterested,construe,deem,irascible,erudition,cinematic,exacerbate,hectoring,,,,,,,,,,,,,,,,
206,disparate,consummate,deface,irresolute,eschew,circuitous,exculpate,hedonism,,,,,,,,,,,,,,,,
207,dissemble,contemptuous,default,laconic,esoteric,circumscribed,exemplar,hermetic,,,,,,,,,,,,,,,,
208,disseminate,contentious,deference,laud,espouse,circumspect,exonerate,heterodox,,,,,,,,,,,,,,,,
209,dissent,contingent,deflect,laudable,ethos,circumvents,expel,hirsute,,,,,,,,,,,,,,,,
210,dissident,contrite,deleterious,litigation,eulogy,clairvoyant,extemporaneous,homiletics,,,,,,,,,,,,,,,,
211,distill,contrition,delimit,loquacious,euphemism,clandestine,extend,homily,,,,,,,,,,,,,,,,
212,distort,contrive,delineate,lucid,euphony,clangorous,extraneous,hubris,,,,,,,,,,,,,,,,
213,distressed,conundrum,demagogue,luminous,evanescent,clemency,facetious,iconoclastic,,,,,,,,,,,,,,,,
214,divergent,convivial,demur,magnanimity,exacerbate,climatic,facilitate,idyll,,,,,,,,,,,,,,,,
215,divorced,convoluted,denigrate,maladroit,exasperate,climax,fallacy,ignoble,,,,,,,,,,,,,,,,
216,divulge,copious,denote,malign,exculpate,cloying,fancy,ignominious,,,,,,,,,,,,,,,,
217,documentary,cornucopia,deride,malleable,exegesis,coalesce,fawn,imbroglio,,,,,,,,,,,,,,,,
218,dogged,corollary,derivative,maverick,exigent,cocksure,fervent,immutable,,,,,,,,,,,,,,,,
219,dogmatic,corroborate,desiccate,mendacity,exonerate,coddle,fidelity,imperious,,,,,,,,,,,,,,,,
220,droll,cosmopolitan,desultory,mercurial,exorbitant,coerced,filibuster,impiety,,,,,,,,,,,,,,,,
221,dubious,cosseted,detached,meticulous,expatriate,coeval,flag,importune,,,,,,,,,,,,,,,,
222,dupe,coterminous,deterrent,misanthrope,explicator,cognizant,flamboyant,imprimatur,,,,,,,,,,,,,,,,
223,duplicitous,countermand,diaphanous,mitigate,explicit,coherence,flip,impugn,,,,,,,,,,,,,,,,
224,duress,cow,diatribe,modest,exponent,cohesive,flounder,impute,,,,,,,,,,,,,,,,
225,dwindling,craven,dichotomy,mollify,expurgate,cohort,flout,incandescent,,,,,,,,,,,,,,,,
226,ebullient,credence,dictum,monotony,extemporaneous,coin,flush,inchoate,,,,,,,,,,,,,,,,
227,eccentric,creditable,didactic,mundane,extol,collusion,forbearance,ineffable,,,,,,,,,,,,,,,,
228,eclipse,credulity,diffident,munificent,extraneous,commensurate,forestall,ineluctable,,,,,,,,,,,,,,,,
229,economy,crestfallen,diffuse,naïve,exuberant,commiserate,forswear,ingenuous,,,,,,,,,,,,,,,,
230,edify,cryptic,digress,nascent,facetious,companionable,forte,inimical,,,,,,,,,,,,,,,,
231,efficacious,crystallize,dilate,neglect,fallacy,complicit,fortuitous,inimitable,,,,,,,,,,,,,,,,
232,egregious,culminate,dilatory,nonplussed,fallible,composure,founder,iniquity,,,,,,,,,,,,,,,,
233,elated,culpability,dilettante,notoriety,fallow,compunction,fraud,innervate,,,,,,,,,,,,,,,,
234,elementary,cumbersome,din,nuance,fastidious,concession,frugality,inscrutable,,,,,,,,,,,,,,,,
235,elicit,cupidity,dirge,obdurate,fatuous,concoct,furtive,insensible,,,,,,,,,,,,,,,,
236,elitist,curmudgeon,disabuse,obscure,fawn,concomitant,garner,insouciant,,,,,,,,,,,,,,,,
237,elucidate,dearth,discerning,obsequious,fecund,concord,genial,interdict,,,,,,,,,,,,,,,,
238,embellish,debase,discomfiting,obstinate,felicity,concupiscence,glib,invective,,,,,,,,,,,,,,,,
239,empirical,debonair,discordant,obviate,fervid,condign,goad,inveigh,,,,,,,,,,,,,,,,
240,emulate,debunk,discredit,occlude,fetid,condones,gratis,inveterate,,,,,,,,,,,,,,,,
241,enchant,decimation,discrepancy,occult,flippant,conferred,gratitude,involute,,,,,,,,,,,,,,,,
242,encyclopedic,decorous,discrete,offset,flotsam,confiscate,hankering,jejune,,,,,,,,,,,,,,,,
243,enervate,decorum,discriminating,olfactory,foible,conflagration,hegemony,jocose,,,,,,,,,,,,,,,,
244,engender,decry,disingenuous,omniscience,fomentation,conflate,heretical,labile,,,,,,,,,,,,,,,,
245,enigmatic,deferential,disinterested,onerous,foppish,confound,hyperbole,lachrymose,,,,,,,,,,,,,,,,
246,entitled,defray,disjointed,opaque,ford,conglomerate,idiosyncrasy,laconic,,,,,,,,,,,,,,,,
247,entrenched,degrade,dismiss,opportunism,formidable,conniving,idolatrous,lambaste,,,,,,,,,,,,,,,,
248,ephemeral,deign,disparage,opprobrium,fortuitous,connoisseur,illusory,languorous,,,,,,,,,,,,,,,,
249,equitable,delegate,disparate,oscillate,foster,conscientious,imminent,largess,,,,,,,,,,,,,,,,
250,equivocate,deleterious,dispassionate,ostentatious,fractious,conspicuous,impassive,lascivious,,,,,,,,,,,,,,,,
251,erratic,deliberate,dispatch,outstrip,frenetic,consternation,impediment,lassitude,,,,,,,,,,,,,,,,
252,erudite,delineate,disperse,overshadow,frivolous,contumacious,impenetrable,laud,,,,,,,,,,,,,,,,
253,escalate,demean,disposition,painstaking,frugal,conundrum,imperturbable,levee,,,,,,,,,,,,,,,,
254,eschew,demonstrative,disquieting,partial,fulminate,conversant,impetuous,levity,,,,,,,,,,,,,,,,
255,esoteric,demur,dissemble,partisan,furtive,copious,implacable,libertine,,,,,,,,,,,,,,,,
256,estranged,demure,disseminate,patent,gambol,cordial,improbable,limn,,,,,,,,,,,,,,,,
257,euphoric,denigrate,dissent,paucity,garner,cordon,impudent,limpid,,,,,,,,,,,,,,,,
258,evade,denote,dissolution,pedantic,garrulous,corroborate,impunity,list,,,,,,,,,,,,,,,,
259,evanescent,denouement,dissonance,pedestrian,genial,cosmopolitan,incipient,loquacious,,,,,,,,,,,,,,,,
260,evasive,derelict,distaff,perfidy,germane,covert,incorrigible,lubricious,,,,,,,,,,,,,,,,
261,evoke,deride,distend,perfunctory,glib,cowed,incubation,luculent,,,,,,,,,,,,,,,,
262,exacerbate,derisive,distill,peripheral,glower,craven,incumbent,lugubrious,,,,,,,,,,,,,,,,
263,exacting,derivative,dither,permeate,gradation,credence,indefatigable,lumber,,,,,,,,,,,,,,,,
264,exasperated,derive,diurnal,perseverance,gratuitous,credulous,indifferent,luminary,,,,,,,,,,,,,,,,
265,exculpate,derogative,diverge,peruse,gregarious,crepuscular,indignation,macerate,,,,,,,,,,,,,,,,
266,exhaustive,desecrate,divest,pervasive,grievous,demotic,indolent,maculate,,,,,,,,,,,,,,,,
267,exhilarating,desiccated,divine,phenomena,grovel,demur,indomitable,magnanimity,,,,,,,,,,,,,,,,
268,exonerate,desideratum,doctrinaire,phlegmatic,guile,denigrate,inept,malinger,,,,,,,,,,,,,,,,
269,exorcise,despot,document,pith,gustatory,denizen,inerrancy,maunder,,,,,,,,,,,,,,,,
270,exotic,destitute,doff,placate,hackneyed,denuded,inert,maxim,,,,,,,,,,,,,,,,
271,expedient,deter,dogma,plastic,halcyon,depiction,ingenuity,mellifluous,,,,,,,,,,,,,,,,
272,expedite,detrimental,dormant,platitude,hapless,deplete,inherent,mendacity,,,,,,,,,,,,,,,,
273,explicable,devolve,dovetail,plausible,harangue,deplore,innocuous,mendicant,,,,,,,,,,,,,,,,
274,exploitative,diabolical,droll,plethora,hedonist,depredate,inopportune,mercurial,,,,,,,,,,,,,,,,
275,extraneous,diatribe,dubious,plummet,hegemony,deride,inquisitive,meretricious,,,,,,,,,,,,,,,,
276,extrapolate,dictatorial,dupe,polarize,heretical,derivative,insipid,mettle,,,,,,,,,,,,,,,,
277,extravagant,didactic,duplicity,polemical,hermetic,descry,insular,militate,,,,,,,,,,,,,,,,
278,fabricate,differentiate,dyspeptic,pragmatic,histrionic,desecrate,intemperance,minatory,,,,,,,,,,,,,,,,
279,facetious,diffident,e.g.,precarious,hoary,desiccated,intimate,mince,,,,,,,,,,,,,,,,
280,fallacious,dilapidated,ebullient,preceded,hubris,despoiled,intransigent,misogynist,,,,,,,,,,,,,,,,
281,fallible,dilatory,eccentric,precipitate,husband,despot,intrepid,mordant,,,,,,,,,,,,,,,,
282,falter,dilettante,echelon,precursor,iconoclast,desuetude,introspection,moribund,,,,,,,,,,,,,,,,
283,fanciful,diligent,eclectic,prescient,idiosyncrasy,deteriorate,inundate,multifarious,,,,,,,,,,,,,,,,
284,fastidious,diminutive,eclipse,presumptuous,idolatrous,devoid,inured,munificence,,,,,,,,,,,,,,,,
285,fawn,disabuse,edify,prevail,ignoble,devolve,irascible,nadir,,,,,,,,,,,,,,,,
286,feasible,disaffected,efficacy,prevaricate,ignominious,devout,irony,nascent,,,,,,,,,,,,,,,,
287,feckless,discord,effigy,pristine,illusory,dexterity,itinerant,natty,,,,,,,,,,,,,,,,
288,fecund,discreet,effrontery,probity,imbue,diabolical,itinerate,nebulous,,,,,,,,,,,,,,,,
289,feeble,discrete,egalitarian,prodigal,immutable,diaphanous,judicious,neologism,,,,,,,,,,,,,,,,
290,feign,discriminate,egregious,prodigious,impasse,diatribe,lackluster,neophyte,,,,,,,,,,,,,,,,
291,felicitous,discursive,egress,profligate,impecunious,dichotomy,lament,nexus,,,,,,,,,,,,,,,,
292,fervent,disenfranchise,elated,proliferate,imperturbable,didactic,latent,nice,,,,,,,,,,,,,,,,
293,fervid,disheartened,elegy,propitiate,impervious,diffident,lethargic,noisome,,,,,,,,,,,,,,,,
294,fervor,disingenuous,elevate,propriety,impetuous,digression,lucid,nostrum,,,,,,,,,,,,,,,,
295,fester,disinterested,elicit,prospective,impious,dilatory,luminous,noxious,,,,,,,,,,,,,,,,
296,finicky,disparate,eloquent,qualification,implacable,dilettante,magnate,nugatory,,,,,,,,,,,,,,,,
297,flamboyant,dispassionate,emaciate,quotidian,implicit,dilute,makeshift,obloquy,,,,,,,,,,,,,,,,
298,florid,dispatch,embellish,rationalize,imprecation,dint,malevolent,obstreperous,,,,,,,,,,,,,,,,
299,flout,dispensation,eminent,reconcile,impugn,dire,malleable,occult,,,,,,,,,,,,,,,,
300,flummoxed,dissemble,empirical,recondite,impute,discomfit,manifest,officious,,,,,,,,,,,,,,,,
301,foil,disseminate,emulate,refute,incarnadine,disconcert,marginal,opprobrium,,,,,,,,,,,,,,,,
302,foment,dissipate,encomium,relentless,inchoate,discreet,martial,oscillation,,,,,,,,,,,,,,,,
303,foolhardy,dissolution,endemic,relevant,incipient,discrepancy,maverick,ossified,,,,,,,,,,,,,,,,
304,forbear,docile,enervate,reproach,incontrovertible,discrete,membrane,ostensible,,,,,,,,,,,,,,,,
305,foreseeable,dog,engender,repudiate,incorrigible,discriminate,metamorphose,overweening,,,,,,,,,,,,,,,,
306,forestall,dogmatic,enhance,rescind,incredulous,disgruntled,meticulous,paean,,,,,,,,,,,,,,,,
307,forsake,doleful,enigma,respectively,inculcate,dismantle,milk,palliate,,,,,,,,,,,,,,,,
308,fractious,dolorous,entitlement,reticent,indigenous,dismissive,misanthrope,panacea,,,,,,,,,,,,,,,,
309,fret,doughty,enumerate,reverent,indignant,disparage,misappropriate,panache,,,,,,,,,,,,,,,,
310,frivolous,dovetail,ephemeral,rhetoric,indolent,disparate,misconstrue,pandemic,,,,,,,,,,,,,,,,
311,fruitful,dupe,epicure,salubrious,ineffable,dispassionate,miscreant,panegyric,,,,,,,,,,,,,,,,
312,fungible,duplicity,equanimity,sanction,inexorable,dispatch,miserly,pariah,,,,,,,,,,,,,,,,
313,furtive,duress,equitable,satiate,ingenious,displacing,mitigate,parry,,,,,,,,,,,,,,,,
314,futile,ebullient,equivocate,secular,ingenue,disputatious,mollify,parsimonious,,,,,,,,,,,,,,,,
315,gaffe,eccentric,erratic,sediment,ingrate,dissemble,monotonous,paucity,,,,,,,,,,,,,,,,
316,gainsay,eclectic,erroneous,sedulous,ingratiate,disseminated,morose,peccadillo,,,,,,,,,,,,,,,,
317,galvanize,economical,ersatz,simultaneous,inherent,distension,multifaceted,pedestrian,,,,,,,,,,,,,,,,
318,garrulous,edifying,erstwhile,solicitous,inimical,dither,myriad,pellucid,,,,,,,,,,,,,,,,
319,gawky,effervescent,erudite,soporific,iniquity,diurnal,nominal,peregrination,,,,,,,,,,,,,,,,
320,glib,efficacious,eschew,sparse,innocuous,divergent,nonplussed,peremptory,,,,,,,,,,,,,,,,
321,glum,effrontery,esoteric,specious,insidious,divisive,novel,perfidy,,,,,,,,,,,,,,,,
322,gratify,egotist,estimable,sporadic,insipid,docile,obdurate,perfunctory,,,,,,,,,,,,,,,,
323,hackneyed,egregious,ethos,spurious,insolence,doctrinaire,oblique,perigee,,,,,,,,,,,,,,,,
324,hamper,eke,eulogy,stolid,insular,doggedness,obsequious,peripatetic,,,,,,,,,,,,,,,,
325,haphazard,elaborate,euphemism,subjective,insurrection,doggerel,obstinate,pernicious,,,,,,,,,,,,,,,,
326,harbinger,elegiac,euphony,substantiate,inter,dogmatic,obtuse,peroration,,,,,,,,,,,,,,,,
327,headstrong,elicit,exacerbate,subversive,interlocutor,dolorous,obviate,petrous,,,,,,,,,,,,,,,,
328,heed,elucidate,exacting,sufficient,interregnum,dormant,odious,philistine,,,,,,,,,,,,,,,,
329,heterodox,elude,exculpate,superbly,intractable,dour,ominous,phlegmatic,,,,,,,,,,,,,,,,
330,heterogeneous,elusive,exhaustive,supine,intransigent,draconian,onerous,picaresque,,,,,,,,,,,,,,,,
331,hinder,embellish,exigent,supplant,inundate,droll,opaque,pied,,,,,,,,,,,,,,,,
332,histrionic,embroiled,exonerate,sycophant,inure,dubious,ornery,pillory,,,,,,,,,,,,,,,,
333,hodgepodge,embryonic,expedient,synthesize,invective,dudgeon,ostentatious,piquant,,,,,,,,,,,,,,,,
334,homogeneous,eminent,explicit,tacit,inveigle,dupe,ostracism,pique,,,,,,,,,,,,,,,,
335,humdrum,empathetic,exponent,taciturn,investiture,duplicitous,paradigm,pithy,,,,,,,,,,,,,,,,
336,hyperbole,empiricism,expurgate,temperance,invidious,dwindle,paradox,plaintive,,,,,,,,,,,,,,,,
337,iconoclastic,emulate,extemporaneous,tenuous,invoke,dyspeptic,parody,plangent,,,,,,,,,,,,,,,,
338,illusory,enamor,extraneous,timorous,irascible,ebullient,partisan,platonic,,,,,,,,,,,,,,,,
339,immure,encumber,extrapolate,tirade,itinerant,eclectic,patent,pliant,,,,,,,,,,,,,,,,
340,immutable,endemic,facetious,torpor,jettison,effaced,pedagogy,plumb,,,,,,,,,,,,,,,,
341,impair,enervate,facilitate,tortuous,jingoism,effete,pedantic,polemical,,,,,,,,,,,,,,,,
342,impede,engender,faction,tractable,jocular,efficacious,penchant,portentious,,,,,,,,,,,,,,,,
343,imperious,enjoin,fallacious,transient,juncture,efflorescence,penultimate,poseur,,,,,,,,,,,,,,,,
344,impertinent,enmity,fallow,ubiquitous,juxtapose,effluvium,penury,prate,,,,,,,,,,,,,,,,
345,impetuous,enormity,fanatical,unadorned,keen,effrontery,perennial,prattle,,,,,,,,,,,,,,,,
346,implicit,enthrall,fanciful,undermine,kindle,effusive,peripheral,precept,,,,,,,,,,,,,,,,
347,improvise,entice,fastidious,underscore,kinetic,egalitarian,perjury,precis,,,,,,,,,,,,,,,,
348,impugn,entrenched,fathom,untenable,knell,egregious,personable,predilection,,,,,,,,,,,,,,,,
349,inborn,enumerate,fatuous,vacillate,lachrymose,eldritch,pertinent,preen,,,,,,,,,,,,,,,,
350,incendiary,ephemeral,fawn,venality,laconic,emancipate,peruse,prevaricate,,,,,,,,,,,,,,,,
351,incessant,epigram,feasible,venerate,lament,embellish,pervasive,privation,,,,,,,,,,,,,,,,
352,inclined,epiphany,fecund,veracity,lampoon,embroiled,petulant,prize,,,,,,,,,,,,,,,,
353,incongruous,eponym,felicitous,verbose,languid,embryonic,pine,probity,,,,,,,,,,,,,,,,
354,incredulous,equitable,fervid,vexation,lapidary,eminent,pious,prodigious,,,,,,,,,,,,,,,,
355,indefatigable,equivocal,fetid,volatile,largess,emollient,placate,profligate,,,,,,,,,,,,,,,,
356,indiscriminate,equivocate,fidelity,whimsical,lassitude,emphatic,placebo,prolific,,,,,,,,,,,,,,,,
357,indispensable,eradicate,figurative,zeal,latent,empirical,plasticity,prolix,,,,,,,,,,,,,,,,
358,indolent,err,finesse,,laud,encomium,platitude,propinquity,,,,,,,,,,,,,,,,
359,industrious,errant,flag,,lavish,encompass,plethora,propitiate,,,,,,,,,,,,,,,,
360,inform,erratic,fledgling,,legerdemain,encroaching,plod,prosaic,,,,,,,,,,,,,,,,
361,ingenuous,ersatz,fleeting,,levity,enervating,plummet,proscribe,,,,,,,,,,,,,,,,
362,inhibit,erudite,florid,,lexicography,enigmatic,poignant,provident,,,,,,,,,,,,,,,,
363,inimical,eschew,flout,,liberate,enmity,pompous,puerile,,,,,,,,,,,,,,,,
364,innocuous,esoteric,fluke,,libertine,ennui,porous,pugnacious,,,,,,,,,,,,,,,,
365,inscrutable,espouse,foment,,licentious,ensorcelled,pragmatic,puissance,,,,,,,,,,,,,,,,
366,insipid,estimable,forage,,limpid,entitled,precarious,pulchritude,,,,,,,,,,,,,,,,
367,insular,ethereal,ford,,lissome,entreat,precipitate,pullulation,,,,,,,,,,,,,,,,
368,interchangeable,euphoria,foreshadow,,listless,ephemeral,precursor,punctilious,,,,,,,,,,,,,,,,
369,intermittent,evanescent,forestall,,loquacious,epitome,preempt,pundit,,,,,,,,,,,,,,,,
370,intertwined,evasive,forfeit,,lucid,equivocal,presumption,pusillanimous,,,,,,,,,,,,,,,,
371,intimate,evenhanded,fortify,,lugubrious,eradicate,presumptuous,putrefy,,,,,,,,,,,,,,,,
372,intransigent,exacerbate,fortuitous,,luminous,ersatz,prime,quaff,,,,,,,,,,,,,,,,
373,intrepid,exacting,fracas,,machination,erstwhile,pristine,quail,,,,,,,,,,,,,,,,
374,intrinsic,exalt,fractious,,maelstrom,erudite,proclivity,quay,,,,,,,,,,,,,,,,
375,inundate,exasperate,frenetic,,magnanimous,eschew,prodigal,querulous,,,,,,,,,,,,,,,,
376,invasive,excoriate,fringe,,magnate,esoteric,profuse,quiescence,,,,,,,,,,,,,,,,
377,inveigle,excruciating,frugal,,malediction,espouse,proliferate,quixotic,,,,,,,,,,,,,,,,
378,inveterate,execrate,fulminate,,malevolent,espy,prone,quotidian,,,,,,,,,,,,,,,,
379,invidious,exegesis,furtive,,malice,estimable,propagate,raffish,,,,,,,,,,,,,,,,
380,invigorate,exemplar,futile,,malinger,estranged,propensity,rail,,,,,,,,,,,,,,,,
381,inviolate,exemplify,gainsay,,malleable,ethereal,provincial,ramify,,,,,,,,,,,,,,,,
382,irascible,exhort,gambol,,malodorous,etiolated,prudent,rampart,,,,,,,,,,,,,,,,
383,ire,exiguity,garner,,mar,euphemism,prune,rancorous,,,,,,,,,,,,,,,,
384,irksome,exonerate,garrulous,,martial,eurytopic,pursuant,rapacious,,,,,,,,,,,,,,,,
385,ironclad,exorbitant,gauche,,martinet,evanescent,qualify,rebus,,,,,,,,,,,,,,,,
386,irresolute,expansive,gawky,,matriarch,evinced,qualm,recant,,,,,,,,,,,,,,,,
387,irreverent,expound,germane,,maudlin,exacerbated,query,recidivism,,,,,,,,,,,,,,,,
388,jeopardize,expunge,gestation,,maverick,exact,queue,recondite,,,,,,,,,,,,,,,,
389,jettison,expurgate,gist,,melange,exacting,quintessential,reconnoiter,,,,,,,,,,,,,,,,
390,judicious,extant,glacial,,mendacious,exaggerate,rarefy,recreant,,,,,,,,,,,,,,,,
391,laconic,extenuating,glib,,mendicant,excise,raucous,rectitude,,,,,,,,,,,,,,,,
392,lament,extrapolate,glower,,mercurial,excoriated,recalcitrant,recumbent,,,,,,,,,,,,,,,,
393,languid,facetious,goad,,meretricious,exculpated,recluse,redolent,,,,,,,,,,,,,,,,
394,largesse,facile,goosebumps,,meritocracy,execrable,reconciliation,redoubtable,,,,,,,,,,,,,,,,
395,laudable,factious,gouge,,meticulous,exigent,reconnaissance,refractory,,,,,,,,,,,,,,,,
396,lax,factitious,gradation,,militate,exodus,rectify,regale,,,,,,,,,,,,,,,,
397,lethargic,fallacious,graft,,mirth,exorbitant,refute,rent,,,,,,,,,,,,,,,,
398,liability,fastidious,grandiloquent,,misanthrope,expatiate,relegate,repine,,,,,,,,,,,,,,,,
399,libertine,fawn,grandstand,,miscreant,expatriate,relish,replete,,,,,,,,,,,,,,,,
400,limpid,feckless,grating,,miser,expedient,remedial,reprobate,,,,,,,,,,,,,,,,
401,lionize,fecund,gregarious,,missive,explicate,remonstrate,reprove,,,,,,,,,,,,,,,,
402,loathe,fell,grievous,,mitigate,exponent,remuneration,ribald,,,,,,,,,,,,,,,,
403,loquacious,ferret,grouse,,mollify,expunge,renaissance,rubicund,,,,,,,,,,,,,,,,
404,lucid,fete,grovel,,molt,expurgate,renege,runic,,,,,,,,,,,,,,,,
405,lucrative,fickle,guile,,monastic,extant,reproach,sagacious,,,,,,,,,,,,,,,,
406,lull,finagle,hackneyed,,morass,extemporaneous,repudiate,salacious,,,,,,,,,,,,,,,,
407,magisterial,firebrand,halcyon,,moratorium,extenuating,rescind,salubrious,,,,,,,,,,,,,,,,
408,malfeasance,flag,hallmark,,mores,extirpate,resolute,sanatorium,,,,,,,,,,,,,,,,
409,malign,fledgling,handwringing,,morose,extol,respite,sanctimony,,,,,,,,,,,,,,,,
410,malleable,fleece,hapless,,multifarious,extraneous,restitution,sanguine,,,,,,,,,,,,,,,,
411,manacle,flippant,harangue,,mundane,extrapolate,resurrect,sartorial,,,,,,,,,,,,,,,,
412,manifest,flounder,hardy,,munificent,exult,retard,satiate,,,,,,,,,,,,,,,,
413,marginalize,flummox,harrow,,myopic,fabricate,reticent,saturnine,,,,,,,,,,,,,,,,
414,mawkish,flush,haven,,nadir,facetious,reverent,scurrilous,,,,,,,,,,,,,,,,
415,mendacity,flux,hearken,,naïve,fallible,rhetoric,scurvy,,,,,,,,,,,,,,,,
416,mercenary,foible,hedge,,narcissist,fanatic,rubric,sedulous,,,,,,,,,,,,,,,,
417,mercurial,foment,hedonist,,nascent,farce,rue,seine,,,,,,,,,,,,,,,,
418,metaphorical,foolhardy,hegemony,,nebulous,fastidious,salient,seminal,,,,,,,,,,,,,,,,
419,meticulous,forlorn,hermetic,,nefarious,fatuous,salutary,sententious,,,,,,,,,,,,,,,,
420,mettlesome,forthcoming,heterogeneous,,neologism,fawning,salve,sepulchral,,,,,,,,,,,,,,,,
421,mimic,forthright,hew,,neophyte,feckless,sanction,sidereal,,,,,,,,,,,,,,,,
422,minute,fortuitous,hierarchy,,nettle,fecund,sanction,simper,,,,,,,,,,,,,,,,
423,misanthropic,fractious,hoary,,nihilism,feign,sap,sinecure,,,,,,,,,,,,,,,,
424,miserly,frivolous,hodgepodge,,noisome,felicity,satire,sinuous,,,,,,,,,,,,,,,,
425,misnomer,frugal,homage,,nominal,ferret,saturate,slake,,,,,,,,,,,,,,,,
426,mitigate,frustrate,homogeneous,,noxious,fervor,savor,sodden,,,,,,,,,,,,,,,,
427,modest,futile,hoodwink,,nuance,festoon,schism,solder,,,,,,,,,,,,,,,,
428,modish,gaffe,hotly,,numismatic,fetid,secrete,solicitous,,,,,,,,,,,,,,,,
429,mollify,gainsay,husband,,obdurate,fiasco,sedative,sophistry,,,,,,,,,,,,,,,,
430,momentary,gall,hyberbole,,obfuscate,filial,serenity,sophomoric,,,,,,,,,,,,,,,,
431,monotonous,galvanize,iconoclast,,oblique,fillip,sever,soporific,,,,,,,,,,,,,,,,
433,mordant,gambit,idiosyncrasy,,obscure,finagled,shard,soubriquet,,,,,,,,,,,,,,,,
434,mundane,garrulous,idolatry,,obsequious,finicky,singular,splenetic,,,,,,,,,,,,,,,,
435,munificent,gauche,idyllic,,obstinate,fitful,slight,stanch,,,,,,,,,,,,,,,,
432,myopic,genial,ignoble,,obstreperous,flagrant,slothful,steep,,,,,,,,,,,,,,,,
436,naive,genteel,illiberality,,obstreperous,fleeting,soliloquy,stentorian,,,,,,,,,,,,,,,,
437,nascent,germane,imbue,,obstructionist,flippant,solvent,stoic,,,,,,,,,,,,,,,,
438,negligent,gerrymander,imminent,,obtuse,florid,somber,striated,,,,,,,,,,,,,,,,
439,neophyte,glean,immutable,,obviate,flotilla,sordid,strident,,,,,,,,,,,,,,,,
440,nettlesome,glib,impair,,occlude,flotsam,sparing,strut,,,,,,,,,,,,,,,,
441,neutralize,glut,impartial,,odious,flounder,sparse,stupefy,,,,,,,,,,,,,,,,
442,noble,goad,impasse,,officious,flourish,spendthrift,stygian,,,,,,,,,,,,,,,,
443,nonchalant,gossamer,impassive,,ominous,flouted,sporadic,stymie,,,,,,,,,,,,,,,,
444,nonplussed,graft,impecunious,,onerous,fluctuate,spurious,succor,,,,,,,,,,,,,,,,
445,noxious,grandiloquent,impede,,opaque,flummoxed,squalid,supercilious,,,,,,,,,,,,,,,,
446,nullify,gregarious,imperious,,opine,foible,stanza,supine,,,,,,,,,,,,,,,,
447,numinous,grovel,impermeable,,opprobrium,foment,static,suppliant,,,,,,,,,,,,,,,,
448,obeisance,guffaw,imperturbable,,opulent,forage,staunch,supplicant,,,,,,,,,,,,,,,,
449,oblivious,guileless,impervious,,oration,forbearance,stint,surfeit,,,,,,,,,,,,,,,,
450,obscure,gumption,impetuous,,ornate,foreground,subliminal,sycophant,,,,,,,,,,,,,,,,
451,obsequious,hackneyed,impious,,orotund,forestall,subpoena,table,,,,,,,,,,,,,,,,
452,obsolete,hagiographic,implacable,,orthodox,formidable,subtle,tamp,,,,,,,,,,,,,,,,
453,obstinate,hail,implication,,ossify,fortitude,succinct,tawdry,,,,,,,,,,,,,,,,
454,obviate,halcyon,implicit,,ostensible,fortuitous,sundry,tendentious,,,,,,,,,,,,,,,,
455,omnipresent,hamper,implode,,overt,fracas,superfluous,tetchy,,,,,,,,,,,,,,,,
456,onerous,hamstrung,imprecation,,overwrought,fractious,supplant,timorous,,,,,,,,,,,,,,,,
457,opaque,haphazard,impugn,,pacify,fraternize,surreptitious,toady,,,,,,,,,,,,,,,,
458,opprobrium,harangue,impute,,paean,frenetic,synergy,tonicity,,,,,,,,,,,,,,,,
459,ostentatious,harried,inadvertent,,palatial,froward,tacit,torpid,,,,,,,,,,,,,,,,
460,oust,haughty,inasmuch,,palliate,frugal,taciturn,torrid,,,,,,,,,,,,,,,,
461,outstrip,hauteur,incarnadine,,pallid,fruition,tact,tortuous,,,,,,,,,,,,,,,,
462,overt,hector,incendiary,,panacea,fudge,tangential,tractable,,,,,,,,,,,,,,,,
463,painstaking,hedge,incentive,,panache,fuliginous,tantalize,truculent,,,,,,,,,,,,,,,,
464,palpable,hegemony,inchoate,,panegyric,fulsome,tautology,tumid,,,,,,,,,,,,,,,,
465,panacea,heretic,incipient,,panoply,funereal,temper,turbid,,,,,,,,,,,,,,,,
466,panache,heyday,incongruous,,paradox,furor,temperate,turgid,,,,,,,,,,,,,,,,
467,paradigmatic,histrionic,inconsequential,,paragon,furtive,tenacity,turpitude,,,,,,,,,,,,,,,,
468,parochial,hoary,inconstancy,,parenthetical,gadfly,tender,tyro,,,,,,,,,,,,,,,,
469,parsimonious,hobble,incorporate,,pariah,gaffe,tentative,ubiquitous,,,,,,,,,,,,,,,,
470,partial,hodgepodge,inculcate,,parley,gainsay,tenuous,umbrage,,,,,,,,,,,,,,,,
471,patent,hoodwink,indefatigable,,parody,gallant,terse,uncouth,,,,,,,,,,,,,,,,
472,peculiar,hound,indeterminate,,parry,gambit,tirade,undulate,,,,,,,,,,,,,,,,
473,pedantic,hubris,indifferent,,parsimonious,gamboled,torque,unfeigned,,,,,,,,,,,,,,,,
474,pedestrian,humdrum,indigence,,partisan,garble,tout,untenable,,,,,,,,,,,,,,,,
475,pellucid,iconoclast,indolent,,pastiche,gargantuan,tranquil,untoward,,,,,,,,,,,,,,,,
476,pensive,iconoclastic,inert,,patriarch,garrulous,travesty,upbraid,,,,,,,,,,,,,,,,
477,perennial,idiosyncrasy,inexorable,,paucity,gauche,trepidation,urbane,,,,,,,,,,,,,,,,
478,perfidy,ignoble,infallible,,peccadillo,gaudy,trivial,usury,,,,,,,,,,,,,,,,
479,perfunctory,ignominious,inform,,pedagogical,genial,unfettered,vacuous,,,,,,,,,,,,,,,,
480,perilous,illicit,ingenuous,,pedantic,germane,unremitting,variegated,,,,,,,,,,,,,,,,
481,peripheral,illustrious,ingrained,,pejorative,germinate,vacillate,vaunt,,,,,,,,,,,,,,,,
482,pernicious,imbibe,ingrate,,penchant,ghastly,veracity,venal,,,,,,,,,,,,,,,,
483,perpetrate,imbroglio,ingratiate,,penitent,gild,veritable,venerate,,,,,,,,,,,,,,,,
484,perpetuate,immaterial,inherent,,penurious,glacial,vexation,veneration,,,,,,,,,,,,,,,,
485,pertinacious,immure,inimical,,peregrinate,glancing,viable,verdant,,,,,,,,,,,,,,,,
486,pertinent,immutable,iniquity,,perfidious,glaring,vigilant,verisimilitude,,,,,,,,,,,,,,,,
487,pervasive,impartial,innocuous,,perfunctory,glowered,vigor,vernacular,,,,,,,,,,,,,,,,
488,petulant,impeccable,inordinate,,peripatetic,glut,vilify,vestige,,,,,,,,,,,,,,,,
489,phlegmatic,impecunious,inquest,,permeate,goosebumps,viscous,virago,,,,,,,,,,,,,,,,
490,pious,impede,insensible,,pernicious,gossamer,vitality,virulent,,,,,,,,,,,,,,,,
491,pithy,impending,insinuate,,perquisite,grandiloquent,volatile,vitiate,,,,,,,,,,,,,,,,
492,placate,imperious,insipid,,perspicacity,grandiose,voracious,vitriolic,,,,,,,,,,,,,,,,
493,placid,impermeable,insular,,peruse,grandstand,waffle,viturperate,,,,,,,,,,,,,,,,
494,plaintive,impertinent,insurrection,,pervasive,grasping,waft,volubility,,,,,,,,,,,,,,,,
495,plastic,impervious,intelligible,,petulant,grating,wane,wag,,,,,,,,,,,,,,,,
496,platitude,impetuous,inter,,phalanx,gravitas,warranted,wax,,,,,,,,,,,,,,,,
497,pliant,implacable,interplay,,philanthropist,gregarious,waver,welter,,,,,,,,,,,,,,,,
498,plodding,implausible,interregnum,,philistine,grisly,weather,wend,,,,,,,,,,,,,,,,
499,poignant,implicate,intractable,,phlegmatic,grouse,whimsical,wheedle,,,,,,,,,,,,,,,,
500,polarize,imponderable,intransigent,,picayune,grovel,zealous,wizened,,,,,,,,,,,,,,,,
501,polemical,importuned,intrepid,,pious,gumption,,,,,,,,,,,,,,,,,,
502,polymath,impregnable,intrinsic,,pith,guttural,,,,,,,,,,,,,,,,,,
503,portend,improvident,inundate,,pithy,hackneyed,,,,,,,,,,,,,,,,,,
504,precarious,imprudent,inure,,placid,haggard,,,,,,,,,,,,,,,,,,
505,precipitate,impudent,invective,,platitude,halcyon,,,,,,,,,,,,,,,,,,
506,precipitous,impugn,inveigle,,plebeian,hallowed,,,,,,,,,,,,,,,,,,
507,preclude,impute,investiture,,plethora,hapless,,,,,,,,,,,,,,,,,,
508,predicament,inadvertent,invidious,,pliant,haptic,,,,,,,,,,,,,,,,,,
509,predilection,inanity,irascible,,plucky,harangue,,,,,,,,,,,,,,,,,,
510,premeditate,inarticulate,irresolute,,polemical,harbinger,,,,,,,,,,,,,,,,,,
511,prescient,incense,itinerant,,politic,hardscrabble,,,,,,,,,,,,,,,,,,
512,presumptuous,incessant,itinerary,,polyglot,harmonious,,,,,,,,,,,,,,,,,,
513,pretentious,inchoate,jargon,,populist,harried,,,,,,,,,,,,,,,,,,
514,prevaricate,incisive,jettison,,posit,harrow,,,,,,,,,,,,,,,,,,
515,prime,inclement,jingoism,,potentate,haughty,,,,,,,,,,,,,,,,,,
516,pristine,incongruous,jocular,,pragmatic,headlong,,,,,,,,,,,,,,,,,,
517,probity,incontrovertible,judicious,,prattle,hector,,,,,,,,,,,,,,,,,,
518,proclivity,incorrigible,juncture,,precipitate,hegemony,,,,,,,,,,,,,,,,,,
519,prodigal,incumbent,juxtapose,,precis,heinous,,,,,,,,,,,,,,,,,,
520,prodigious,indecorous,keen,,precocious,herald,,,,,,,,,,,,,,,,,,
521,proficient,indict,kindle,,predilection,hermetic,,,,,,,,,,,,,,,,,,
522,profligate,indifference,kinetic,,prescience,heterodox,,,,,,,,,,,,,,,,,,
523,profound,indigenous,knell,,pretense,heterogeneous,,,,,,,,,,,,,,,,,,
524,profundity,indigent,kudos,,prevaricate,heyday,,,,,,,,,,,,,,,,,,
525,profuse,indignant,lachrymose,,pristine,hiatus,,,,,,,,,,,,,,,,,,
526,proliferate,industrious,lackluster,,probity,hidebound,,,,,,,,,,,,,,,,,,
527,prolix,ineffable,laconic,,proclivity,hirsute,,,,,,,,,,,,,,,,,,
528,propagate,ineluctable,lament,,prodigal,histrionic,,,,,,,,,,,,,,,,,,
529,propensity,inequity,lampoon,,prodigy,hodgepodge,,,,,,,,,,,,,,,,,,
530,prophetic,inexorable,landmark,,profligate,holistic,,,,,,,,,,,,,,,,,,
531,propriety,infelicitous,languid,,progenitor,homespun,,,,,,,,,,,,,,,,,,
532,prosaic,inflammable,larceny,,proletarian,homogeneous,,,,,,,,,,,,,,,,,,
533,providential,ingenuity,largess or largesse,,proliferate,hortatory,,,,,,,,,,,,,,,,,,
534,provincial,ingenuous,lassitude,,propensity,hubris,,,,,,,,,,,,,,,,,,
535,provocative,ingratiate,latent,,propitiate,humbuggery,,,,,,,,,,,,,,,,,,
536,prowess,inimical,laudable,,propriety,humdrum,,,,,,,,,,,,,,,,,,
537,prudent,inimitable,lavish,,prosaic,husbandry,,,,,,,,,,,,,,,,,,
538,puerile,inkling,lax,,proselytize,iconoclast,,,,,,,,,,,,,,,,,,
539,pugnacious,innocuous,layperson,,provincial,ideological,,,,,,,,,,,,,,,,,,
540,punctilious,inscrutable,leery,,prudent,idiosyncrasy,,,,,,,,,,,,,,,,,,
541,qualm,insidious,legerdemain,,puerile,idyllic,,,,,,,,,,,,,,,,,,
542,quiescent,insipid,lethargic,,pugilist,ignominy,,,,,,,,,,,,,,,,,,
543,quirky,insolent,levity,,pugnacious,illiberal,,,,,,,,,,,,,,,,,,
544,quixotic,insolvent,levy,,pulchritude,illusory,,,,,,,,,,,,,,,,,,
545,radical,insouciance,liberal,,punctilious,imbroglio,,,,,,,,,,,,,,,,,,
546,rapacious,insufferable,libertine,,pundit,imminent,,,,,,,,,,,,,,,,,,
547,rational,intermittent,licentious,,pungent,immure,,,,,,,,,,,,,,,,,,
548,reconcile,internecine,likewise,,pusillanimous,immutable,,,,,,,,,,,,,,,,,,
549,recondite,intimate,limpid,,putrefy,impassive,,,,,,,,,,,,,,,,,,
550,recourse,intimation,lionize,,quaff,impeccable,,,,,,,,,,,,,,,,,,
551,recrudescent,intransigent,lissome,,quell,impecunious,,,,,,,,,,,,,,,,,,
552,refine,intrepid,listless,,querulous,impeded,,,,,,,,,,,,,,,,,,
553,refute,inundate,livid,,quiescent,impenetrable,,,,,,,,,,,,,,,,,,
554,regress,inure,log,,quixotic,imperative,,,,,,,,,,,,,,,,,,
555,reiterate,invective,loquacious,,quotidian,imperious,,,,,,,,,,,,,,,,,,
556,relinquish,inveterate,lucid,,raconteur,imperturbable,,,,,,,,,,,,,,,,,,
557,relish,invidious,lugubrious,,raiment,impetuous,,,,,,,,,,,,,,,,,,
558,remedial,inviolable,lull,,rancorous,impetus,,,,,,,,,,,,,,,,,,
559,renege,inviolate,lumber,,raucous,impinge,,,,,,,,,,,,,,,,,,
560,renounce,involved,luminous,,raze,implacable,,,,,,,,,,,,,,,,,,
561,repercussion,irascible,lurid,,rebuke,implication,,,,,,,,,,,,,,,,,,
562,replenish,irk,"machination or
machinations",,rebut,implicit,,,,,,,,,,,,,,,,,,
563,reproach,irrefutable,maelstrom,,recalcitrant,imploring,,,,,,,,,,,,,,,,,,
564,repudiate,irresolute,magnanimous,,recondite,importune,,,,,,,,,,,,,,,,,,
565,restive,irrevocable,magnate,,redoubtable,impregnable,,,,,,,,,,,,,,,,,,
566,reticent,itinerant,makeshift,,redress,imprimatur,,,,,,,,,,,,,,,,,,
567,robust,jargon,malediction,,refulgent,impromptu,,,,,,,,,,,,,,,,,,
568,rudimentary,jaundice,malinger,,refute,impudence,,,,,,,,,,,,,,,,,,
569,ruminate,jejune,malleable,,rejoinder,impugn,,,,,,,,,,,,,,,,,,
570,sagacious,jingoism,manifest,,relegate,inalienable,,,,,,,,,,,,,,,,,,
571,salubrious,jingoist,mannered,,remiss,inane,,,,,,,,,,,,,,,,,,
572,salutary,jocular,mar,,remuneration,incandescent,,,,,,,,,,,,,,,,,,
573,sanctimonious,jovial,martinet,,renounce,incensed,,,,,,,,,,,,,,,,,,
574,sanction,jubilant,maudlin,,repast,inchoate,,,,,,,,,,,,,,,,,,
575,sanguine,juggernaut,maverick,,replete,incipient,,,,,,,,,,,,,,,,,,
576,satirical,junta,maxim,,repose,incisive,,,,,,,,,,,,,,,,,,
577,scant,juxtapose,mendacious,,reprehensible,incoherent,,,,,,,,,,,,,,,,,,
578,scathing,kowtow,mendicant,,reproach,incorporate,,,,,,,,,,,,,,,,,,
579,schism,laborious,mercurial,,repudiate,incorrigible,,,,,,,,,,,,,,,,,,
580,scintillating,lacerate,meretricious,,repugnant,inculcate,,,,,,,,,,,,,,,,,,
581,scorn,lachrymose,metamorphosis,,requite,incumbent,,,,,,,,,,,,,,,,,,
582,scrupulous,laconic,metaphysical,,rescind,indefatigable,,,,,,,,,,,,,,,,,,
583,sedulous,lambast,meticulous,,restive,indictment,,,,,,,,,,,,,,,,,,
584,sensational,lampoon,milieu,,reticent,indigenous,,,,,,,,,,,,,,,,,,
585,sever,languid,militate,,revere,indignant,,,,,,,,,,,,,,,,,,
586,sham,languish,mired,,reviler,indomitable,,,,,,,,,,,,,,,,,,
587,skirt,largess,mirth,,rhapsodize,industrious,,,,,,,,,,,,,,,,,,
588,skittish,lascivious,misanthrope or misanthropist,,rhetoric,ineffable,,,,,,,,,,,,,,,,,,
589,skullduggery,laudable,missive,,ribald,ineluctable,,,,,,,,,,,,,,,,,,
590,slander,leery,mitigate,,rococo,inestimable,,,,,,,,,,,,,,,,,,
591,slight,lethargic,modest,,sacrosanct,inexorable,,,,,,,,,,,,,,,,,,
592,sluggish,limpid,modicum,,sagacious,infinitesimal,,,,,,,,,,,,,,,,,,
593,somnolent,lionize,modish,,sage,influx,,,,,,,,,,,,,,,,,,
594,sophisticated,litany,mollify,,salient,ingenious,,,,,,,,,,,,,,,,,,
595,soporific,loath,molt,,salubrious,ingenuous,,,,,,,,,,,,,,,,,,
596,sound,lucid,monastic,,sanctimonious,ingrained,,,,,,,,,,,,,,,,,,
597,spartan,lugubrious,monotony,,sanguine,ingratiate,,,,,,,,,,,,,,,,,,
598,specious,macabre,moreover,,sardonic,inimical,,,,,,,,,,,,,,,,,,
599,spendthrift,machinate,mores,,satiate,inimitable,,,,,,,,,,,,,,,,,,
600,sporadic,magisterial,morose,,schism,innate,,,,,,,,,,,,,,,,,,
601,spurious,magnanimous,multifarious,,scintillating,innocuous,,,,,,,,,,,,,,,,,,
602,stalwart,maintain,mundane,,scoff,inordinate,,,,,,,,,,,,,,,,,,
603,stern,maladroit,munificent,,scrupulous,inscrutable,,,,,,,,,,,,,,,,,,
604,stigmatize,malady,myopic,,sedition,insinuate,,,,,,,,,,,,,,,,,,
605,stinting,malapropism,nadir,,sedulous,insipid,,,,,,,,,,,,,,,,,,
606,stoic,malevolent,naïve,,sentient,insolence,,,,,,,,,,,,,,,,,,
607,strife,malfeasance,nascent,,seraphic,insular,,,,,,,,,,,,,,,,,,
608,stringent,malingerer,negate,,sibilant,integrate,,,,,,,,,,,,,,,,,,
609,subjective,malleable,neologism,,sinecure,interloper,,,,,,,,,,,,,,,,,,
610,subordinate,malodorous,neophyte,,slake,intimate,,,,,,,,,,,,,,,,,,
611,subservient,martial,net,,sobriquet,intrepid,,,,,,,,,,,,,,,,,,
612,subside,martinet,nettle,,solecism,intrinsic,,,,,,,,,,,,,,,,,,
613,subsume,maudlin,nevertheless or nonetheless,,solicitous,intrusive,,,,,,,,,,,,,,,,,,
614,subtle,maunder,noisome,,solvent,inundated,,,,,,,,,,,,,,,,,,
615,subvert,maverick,nominal,,somnolent,inveigh,,,,,,,,,,,,,,,,,,
616,superficial,mawkish,nontrivial,,sonorous,inveigle,,,,,,,,,,,,,,,,,,
617,superfluous,maxim,normative,,sophistry,invidious,,,,,,,,,,,,,,,,,,
618,supersede,meander,notoriety,,soporific,inviolate,,,,,,,,,,,,,,,,,,
619,supplicate,melancholy,novel,,Spartan,irascible,,,,,,,,,,,,,,,,,,
620,surmount,melee,nuance,,specious,irk,,,,,,,,,,,,,,,,,,
621,surreptitious,mellifluous,obdurate,,sportive,ironic,,,,,,,,,,,,,,,,,,
622,synoptic,mendacity,objective,,spurious,irresolute,,,,,,,,,,,,,,,,,,
623,taciturn,mendicant,oblique,,squalid,jargon,,,,,,,,,,,,,,,,,,
624,tact,mercurial,obsequious,,stasis,jejune,,,,,,,,,,,,,,,,,,
625,tangential,mesmerize,obsolete,,stentorian,jettison,,,,,,,,,,,,,,,,,,
626,tantalizing,meteoric,obstinate,,stevedore,jingoism,,,,,,,,,,,,,,,,,,
627,tantamount,meticulous,obviate,,stifle,jocose,,,,,,,,,,,,,,,,,,
628,tarnish,mettlesome,occlude,,stigma,judicious,,,,,,,,,,,,,,,,,,
629,temper,misanthrope,occult,,stoic,juggernaut,,,,,,,,,,,,,,,,,,
630,tempestuous,misattribute,offhand,,stolid,juvenescence,,,,,,,,,,,,,,,,,,
631,temporal,misconstrue,officious,,stricture,juxtapose,,,,,,,,,,,,,,,,,,
632,tenable,miscreant,offset,,stultify,kindle,,,,,,,,,,,,,,,,,,
633,tendentious,miser,onerous,,stymie,kindred,,,,,,,,,,,,,,,,,,
634,tentative,misogynist,opaque,,sublime,kismet,,,,,,,,,,,,,,,,,,
635,tepid,mitigate,opine,,subterfuge,kowtow,,,,,,,,,,,,,,,,,,
636,terse,modicum,opprobrium,,subtle,lachrymose,,,,,,,,,,,,,,,,,,
637,thorough,mollify,optimal,,subversive,lackadaisical,,,,,,,,,,,,,,,,,,
638,timorous,moment,optimum,,succinct,laconic,,,,,,,,,,,,,,,,,,
639,tirade,moot,orotund,,sully,lampoon,,,,,,,,,,,,,,,,,,
640,torpor,mordant,orthodox,,supercilious,languid,,,,,,,,,,,,,,,,,,
641,tortuous,moribund,oscillate,,superfluous,largess,,,,,,,,,,,,,,,,,,
642,tout,morose,ossify,,supplant,lassitude,,,,,,,,,,,,,,,,,,
643,tractable,morph,ostensible or ostensive,,surfeit,latent,,,,,,,,,,,,,,,,,,
644,tranquil,mulct,ostentatious,,surly,laudable,,,,,,,,,,,,,,,,,,
645,transgression,mundane,outstrip,,surreptitious,lax,,,,,,,,,,,,,,,,,,
646,transient,munificent,overshadow,,sybarite,legerdemain,,,,,,,,,,,,,,,,,,
648,transitory,muted,overwrought,,sycophant,lenient,,,,,,,,,,,,,,,,,,
647,trenchant,myopic,palatial,,symbiosis,levity,,,,,,,,,,,,,,,,,,
649,trifling,myriad,palliate,,syncopated,licentious,,,,,,,,,,,,,,,,,,
650,trivial,nadir,pallid,,tacit,lionized,,,,,,,,,,,,,,,,,,
651,truculent,negligible,panache,,taciturn,listless,,,,,,,,,,,,,,,,,,
652,turbulent,nettlesome,panegyric,,tawdry,logorrhea,,,,,,,,,,,,,,,,,,
653,ubiquitous,noisome,panoply,,temerity,loquacious,,,,,,,,,,,,,,,,,,
654,umbrage,nonchalant,paradigm,,temperate,lovelorn,,,,,,,,,,,,,,,,,,
655,undermine,nonplussed,paradox,,tenacious,lucid,,,,,,,,,,,,,,,,,,
656,underscore,nuance,paragon,,toady,lucre,,,,,,,,,,,,,,,,,,
657,understated,obdurate,pare,,tome,ludicrous,,,,,,,,,,,,,,,,,,
658,universal,objurgate,pariah,,torpid,lugubrious,,,,,,,,,,,,,,,,,,
659,unprecedented,obliging,parley,,transient,lumber,,,,,,,,,,,,,,,,,,
660,unscrupulous,oblique,parry,,treacly,luminary,,,,,,,,,,,,,,,,,,
661,unseemly,obscure,partial,,trenchant,lurid,,,,,,,,,,,,,,,,,,
662,upbraid,obsequious,partisan,,trite,macabre,,,,,,,,,,,,,,,,,,
663,urbane,obstinate,pastiche,,truculence,macerate,,,,,,,,,,,,,,,,,,
664,utilitarian,obstreperous,patent,,truncated,machination,,,,,,,,,,,,,,,,,,
665,utterly,obtain,pathogenic,,turgid,maelstrom,,,,,,,,,,,,,,,,,,
666,vacillate,obtuse,pathological,,turpitude,magisterial,,,,,,,,,,,,,,,,,,
667,vanquish,officious,patronizing,,tyro,magnanimous,,,,,,,,,,,,,,,,,,
668,vapid,opaque,paucity,,ubiquitous,magnate,,,,,,,,,,,,,,,,,,
669,venal,opulence,peccadillo,,umbrage,makeshift,,,,,,,,,,,,,,,,,,
670,venerate,ornate,pedant,,unctuous,malevolent,,,,,,,,,,,,,,,,,,
671,veracity,ossify,peddle,,untenable,malfeasance,,,,,,,,,,,,,,,,,,
672,verbose,ostentatious,pedestrian,,upbraid,malign,,,,,,,,,,,,,,,,,,
673,verisimilitude,ostracize,pejorative,,usury,malinger,,,,,,,,,,,,,,,,,,
674,veritable,overweening,pellucid,,vacillate,malleable,,,,,,,,,,,,,,,,,,
675,versatile,palatable,penchant,,vainglorious,manacle,,,,,,,,,,,,,,,,,,
676,vexation,palaver,penitent,,venerated,mandate,,,,,,,,,,,,,,,,,,
677,viable,palimpsest,penumbra,,veracity,manifold,,,,,,,,,,,,,,,,,,
678,vigilant,panacea,penury,,verbose,marginal,,,,,,,,,,,,,,,,,,
679,virulent,panache,per se,,verdant,marshal,,,,,,,,,,,,,,,,,,
680,visionary,panegyric,peregrinate,,verisimilitude,maudlin,,,,,,,,,,,,,,,,,,
681,vitiate,paradoxical,perennial,,vestige,mawkish,,,,,,,,,,,,,,,,,,
682,vivacious,paragon,perfidious,,vicissitude,meager,,,,,,,,,,,,,,,,,,
683,vociferous,pariah,perfunctory,,vim,meddle,,,,,,,,,,,,,,,,,,
684,volatile,parochial,peripatetic,,virtuoso,meld,,,,,,,,,,,,,,,,,,
685,wane,parsimonious,peripheral,,viscous,mellifluous,,,,,,,,,,,,,,,,,,
686,wary,parvenu,permeate,,vitiate,melodramatic,,,,,,,,,,,,,,,,,,
687,wayward,pastoral,pernicious,,vitriolic,mendacity,,,,,,,,,,,,,,,,,,
688,weary,patent,perspicacious,,vituperate,mendicant,,,,,,,,,,,,,,,,,,
689,woeful,patronize,pervasive,,vociferous,menial,,,,,,,,,,,,,,,,,,
690,zealous,paucity,phalanx,,voluble,mephitic,,,,,,,,,,,,,,,,,,
691,,pecuniary,philanthropy,,wane,mercenary,,,,,,,,,,,,,,,,,,
692,,pedantic,philistine,,wanton,mercurial,,,,,,,,,,,,,,,,,,
693,,pedestrian,phlegmatic,,whimsical,meretricious,,,,,,,,,,,,,,,,,,
694,,peevish,phony,,wily,meterological,,,,,,,,,,,,,,,,,,
695,,pejorative,pious,,wistful,meticulous,,,,,,,,,,,,,,,,,,
696,,pellucid,pith,,wizened,mettle,,,,,,,,,,,,,,,,,,
697,,penurious,placate,,wraith,miasma,,,,,,,,,,,,,,,,,,
698,,percipient,placid,,zealous,microcosm,,,,,,,,,,,,,,,,,,
699,,peremptory,plastic,,zenith,milieu,,,,,,,,,,,,,,,,,,
700,,perennial,platitude,,zephyr,milquetoast,,,,,,,,,,,,,,,,,,
701,,perfidy,plausible,,,mimetic,,,,,,,,,,,,,,,,,,
702,,perfunctory,plebian,,,minatory,,,,,,,,,,,,,,,,,,
703,,peripatetic,plethora,,,minion,,,,,,,,,,,,,,,,,,
704,,pernicious,plucky,,,misanthrope,,,,,,,,,,,,,,,,,,
705,,perpetuate,plummet,,,miscreant,,,,,,,,,,,,,,,,,,
706,,perquisite,plutocracy,,,miserly,,,,,,,,,,,,,,,,,,
707,,perspicacious,polarized,,,misnomer,,,,,,,,,,,,,,,,,,
708,,pertinent,polemic,,,mitigate,,,,,,,,,,,,,,,,,,
709,,perturb,politic,,,modicum,,,,,,,,,,,,,,,,,,
710,,peruse,polyglot,,,modish,,,,,,,,,,,,,,,,,,
711,,petulant,ponderous,,,monastic,,,,,,,,,,,,,,,,,,
712,,phantasmagorical,posit,,,morass,,,,,,,,,,,,,,,,,,
713,,philistine,posthumous,,,morbid,,,,,,,,,,,,,,,,,,
714,,phlegmatic,potentate,,,mordant,,,,,,,,,,,,,,,,,,
715,,picayune,pragmatic,,,mores,,,,,,,,,,,,,,,,,,
716,,pillory,prattle,,,moribund,,,,,,,,,,,,,,,,,,
717,,pine,pre-empt,,,morose,,,,,,,,,,,,,,,,,,
718,,pinnacle,preamble,,,motile,,,,,,,,,,,,,,,,,,
719,,piquant,precarious,,,motley,,,,,,,,,,,,,,,,,,
720,,pith,precipitate,,,multifaceted,,,,,,,,,,,,,,,,,,
721,,pithy,précis,,,mundane,,,,,,,,,,,,,,,,,,
722,,pittance,precursor,,,munificent,,,,,,,,,,,,,,,,,,
723,,placate,predilection,,,myopic,,,,,,,,,,,,,,,,,,
724,,placid,predisposed,,,myriad,,,,,,,,,,,,,,,,,,
725,,platitude,prescient,,,nadir,,,,,,,,,,,,,,,,,,
726,,plodding,presumptive,,,naivete,,,,,,,,,,,,,,,,,,
727,,ploy,presumptuous,,,nascent,,,,,,,,,,,,,,,,,,
728,,plucky,pretentious,,,nebulous,,,,,,,,,,,,,,,,,,
729,,poignant,preternatural,,,neophyte,,,,,,,,,,,,,,,,,,
730,,polemic,prevaricate,,,nepotism,,,,,,,,,,,,,,,,,,
731,,Pollyannaish,primacy,,,nettle,,,,,,,,,,,,,,,,,,
732,,ponderous,principled,,,newfangled,,,,,,,,,,,,,,,,,,
733,,pontificate,pristine,,,noisome,,,,,,,,,,,,,,,,,,
734,,portentous,probity,,,non sequitur,,,,,,,,,,,,,,,,,,
735,,posit,proclivity,,,nonchalant,,,,,,,,,,,,,,,,,,
736,,powwow,prodigal,,,nondescript,,,,,,,,,,,,,,,,,,
737,,pragmatic,prodigious,,,nonpareil,,,,,,,,,,,,,,,,,,
738,,precarious,profligate,,,nonplussed,,,,,,,,,,,,,,,,,,
739,,precedent,profound,,,nontrivial,,,,,,,,,,,,,,,,,,
740,,precipitate,profuse,,,normative,,,,,,,,,,,,,,,,,,
741,,precipitous,prohibitive,,,nostalgia,,,,,,,,,,,,,,,,,,
742,,preclude,proliferate,,,nostrum,,,,,,,,,,,,,,,,,,
743,,precocious,prolix,,,notorious,,,,,,,,,,,,,,,,,,
744,,predilection,prologue,,,novel,,,,,,,,,,,,,,,,,,
745,,preempt,pronounced,,,novitiate,,,,,,,,,,,,,,,,,,
746,,preemptive,propagate,,,noxious,,,,,,,,,,,,,,,,,,
747,,prescience,propensity,,,nuance,,,,,,,,,,,,,,,,,,
748,,presentiment,prophetic,,,nugatory,,,,,,,,,,,,,,,,,,
749,,presumption,propitiate,,,obdurate,,,,,,,,,,,,,,,,,,
750,,presumptuous,propitious,,,obeisance,,,,,,,,,,,,,,,,,,
751,,prevail,propriety,,,obfuscated,,,,,,,,,,,,,,,,,,
752,,prevaricate,prosaic,,,objectionable,,,,,,,,,,,,,,,,,,
753,,primacy,proscribe,,,objective,,,,,,,,,,,,,,,,,,
754,,pristine,prospective,,,objurgation,,,,,,,,,,,,,,,,,,
755,,probity,providential,,,obloquy,,,,,,,,,,,,,,,,,,
756,,prodigal,proxy,,,obsequious,,,,,,,,,,,,,,,,,,
757,,prodigious,prudent,,,obstinate,,,,,,,,,,,,,,,,,,
758,,profligate,puerile,,,obstreperous,,,,,,,,,,,,,,,,,,
759,,profuse,pugilism,,,obtrusive,,,,,,,,,,,,,,,,,,
760,,profusion,pugnacious,,,occluded,,,,,,,,,,,,,,,,,,
761,,prognostication,puissance,,,odious,,,,,,,,,,,,,,,,,,
762,,prolific,pulchritude,,,officious,,,,,,,,,,,,,,,,,,
763,,prolixity,pungent,,,offset,,,,,,,,,,,,,,,,,,
764,,promulgate,pusillanimous,,,ogle,,,,,,,,,,,,,,,,,,
765,,propitiate,qualified,,,omission,,,,,,,,,,,,,,,,,,
766,,propitious,quandary,,,omniscient,,,,,,,,,,,,,,,,,,
767,,proponent,querulous,,,onus,,,,,,,,,,,,,,,,,,
768,,prosaic,quibble,,,opaque,,,,,,,,,,,,,,,,,,
769,,proscribe,quiescent,,,openhanded,,,,,,,,,,,,,,,,,,
770,,proselytize,quixotic,,,opine,,,,,,,,,,,,,,,,,,
771,,protean,quotidian,,,opportune,,,,,,,,,,,,,,,,,,
772,,provident,raconteur,,,opprobrium,,,,,,,,,,,,,,,,,,
773,,provincial,ranks,,,opulent,,,,,,,,,,,,,,,,,,
774,,provisional,rarefied,,,ornate,,,,,,,,,,,,,,,,,,
775,,puerile,reactant,,,orthodox,,,,,,,,,,,,,,,,,,
776,,pugnacious,reap,,,oscillate,,,,,,,,,,,,,,,,,,
777,,puissant,recalcitrant,,,ossified,,,,,,,,,,,,,,,,,,
778,,punctilious,recant,,,ostentatious,,,,,,,,,,,,,,,,,,
779,,pundit,recapitulate,,,ostracized,,,,,,,,,,,,,,,,,,
780,,pyrrhic,recluse,,,otiose,,,,,,,,,,,,,,,,,,
781,,quail,recondite,,,outmoded,,,,,,,,,,,,,,,,,,
782,,qualify,recrudescent,,,outstrip,,,,,,,,,,,,,,,,,,
783,,qualm,redound,,,overshadow,,,,,,,,,,,,,,,,,,
784,,quandary,redress,,,overweening,,,,,,,,,,,,,,,,,,
785,,querulous,refractory,,,pacific,,,,,,,,,,,,,,,,,,
786,,quip,refulgent,,,painstaking,,,,,,,,,,,,,,,,,,
787,,quisling,refute,,,palatable,,,,,,,,,,,,,,,,,,
788,,quixotic,rejoinder,,,palatial,,,,,,,,,,,,,,,,,,
789,,quotidian,relegate,,,palimpsest,,,,,,,,,,,,,,,,,,
790,,raconteur,remedial,,,pall,,,,,,,,,,,,,,,,,,
791,,raffish,rend,,,palliate,,,,,,,,,,,,,,,,,,
792,,raft,render,,,pallid,,,,,,,,,,,,,,,,,,
793,,raillery,repast,,,panacea,,,,,,,,,,,,,,,,,,
794,,rakish,repertorial,,,pander,,,,,,,,,,,,,,,,,,
795,,rankle,replete,,,pangs,,,,,,,,,,,,,,,,,,
796,,rapprochement,repose,,,panned,,,,,,,,,,,,,,,,,,
797,,rarefied,reproach,,,paradigm,,,,,,,,,,,,,,,,,,
798,,rash,reprobate,,,paragon,,,,,,,,,,,,,,,,,,
799,,ravenous,repudiate,,,pariah,,,,,,,,,,,,,,,,,,
800,,rebuke,requite,,,parley,,,,,,,,,,,,,,,,,,
801,,recapitulation,rescind,,,parochial,,,,,,,,,,,,,,,,,,
802,,reconcile,resolution,,,parody,,,,,,,,,,,,,,,,,,
803,,recondite,resolve,,,paroxysm,,,,,,,,,,,,,,,,,,
804,,recrimination,respectively,,,parsimonious,,,,,,,,,,,,,,,,,,
805,,recrudesce,restive,,,partiality,,,,,,,,,,,,,,,,,,
806,,redoubtable,resurgent,,,partisan,,,,,,,,,,,,,,,,,,
807,,redress,reticent,,,pastiche,,,,,,,,,,,,,,,,,,
808,,refractory,retrospective,,,pathos,,,,,,,,,,,,,,,,,,
809,,refute,revamp,,,patois,,,,,,,,,,,,,,,,,,
810,,relegate,reverent,,,paucity,,,,,,,,,,,,,,,,,,
811,,remiss,rhetoric,,,pedantic,,,,,,,,,,,,,,,,,,
812,,remonstrate,ribald,,,pedestrian,,,,,,,,,,,,,,,,,,
813,,renege,ridden,,,peevish,,,,,,,,,,,,,,,,,,
814,,replete,rife,,,penchant,,,,,,,,,,,,,,,,,,
815,,reprisal,rift,,,pendulous,,,,,,,,,,,,,,,,,,
816,,reproach,rococo,,,penitent,,,,,,,,,,,,,,,,,,
817,,reprobate,rudimentary,,,penurious,,,,,,,,,,,,,,,,,,
818,,repudiate,rue,,,penury,,,,,,,,,,,,,,,,,,
819,,rescind,ruminate,,,peons,,,,,,,,,,,,,,,,,,
820,,reservation,rustic,,,peregrinate,,,,,,,,,,,,,,,,,,
821,,resignation,sacrosanct,,,peremptory,,,,,,,,,,,,,,,,,,
822,,resolve,sagacious,,,perennial,,,,,,,,,,,,,,,,,,
823,,respite,salient,,,perfidy,,,,,,,,,,,,,,,,,,
824,,restive,salubrious,,,perfunctory,,,,,,,,,,,,,,,,,,
825,,resurgent,sanction,,,peripatetic,,,,,,,,,,,,,,,,,,
826,,reticent,sanguine,,,peripheral,,,,,,,,,,,,,,,,,,
827,,retiring,sap,,,permeated,,,,,,,,,,,,,,,,,,
828,,retract,sardonic,,,permutation,,,,,,,,,,,,,,,,,,
829,,reverent,satiate or sate,,,pernicious,,,,,,,,,,,,,,,,,,
830,,ribald,saturate,,,perquisites,,,,,,,,,,,,,,,,,,
831,,rile,savant,,,personified,,,,,,,,,,,,,,,,,,
832,,robust,savor,,,perspicacious,,,,,,,,,,,,,,,,,,
833,,row,scant,,,pertinacious,,,,,,,,,,,,,,,,,,
834,,rudimentary,scathing,,,perturb,,,,,,,,,,,,,,,,,,
835,,rustic,scintilla,,,pervasive,,,,,,,,,,,,,,,,,,
836,,sagacious,scurvy,,,perverse,,,,,,,,,,,,,,,,,,
837,,sanctimonious,searchingly,,,petulant,,,,,,,,,,,,,,,,,,
838,,sanction,secrete,,,philander,,,,,,,,,,,,,,,,,,
839,,sangfroid,secular,,,phlegmatic,,,,,,,,,,,,,,,,,,
840,,sanguine,sedition,,,physiological,,,,,,,,,,,,,,,,,,
841,,sardonic,sedulous,,,picaresque,,,,,,,,,,,,,,,,,,
842,,sartorial,semantic,,,picayune,,,,,,,,,,,,,,,,,,
843,,saturnine,sentient,,,picturesque,,,,,,,,,,,,,,,,,,
844,,savvy,seraphic,,,piebald,,,,,,,,,,,,,,,,,,
845,,schadenfreude,shard,,,pilfer,,,,,,,,,,,,,,,,,,
846,,scintillating,simultaneous,,,pillory,,,,,,,,,,,,,,,,,,
847,,screed,sinecure,,,pinnacle,,,,,,,,,,,,,,,,,,
848,,scrupulous,skeptic,,,pioneering,,,,,,,,,,,,,,,,,,
849,,sedulous,skirt,,,piquant,,,,,,,,,,,,,,,,,,
850,,self-effacing,skittish,,,pitfall,,,,,,,,,,,,,,,,,,
851,,semblance,slack,,,pith,,,,,,,,,,,,,,,,,,
852,,sententious,slake,,,pittance,,,,,,,,,,,,,,,,,,
853,,sentimental,slew,,,pivotal,,,,,,,,,,,,,,,,,,
854,,serendipity,slight,,,placate,,,,,,,,,,,,,,,,,,
855,,serene,sobriquet,,,plaintive,,,,,,,,,,,,,,,,,,
856,,simulacrum,solecism,,,platitude,,,,,,,,,,,,,,,,,,
857,,sinecure,solicitous,,,platonic,,,,,,,,,,,,,,,,,,
858,,slapdash,solidarity,,,plaudits,,,,,,,,,,,,,,,,,,
859,,smattering,somatic,,,plausible,,,,,,,,,,,,,,,,,,
860,,smug,soporific,,,plebeian,,,,,,,,,,,,,,,,,,
861,,snide,sound,,,plenipotentiary,,,,,,,,,,,,,,,,,,
862,,snub,spartan,,,pluck,,,,,,,,,,,,,,,,,,
863,,solecism,spate,,,plutocracy,,,,,,,,,,,,,,,,,,
864,,solicitous,spearhead,,,polarize,,,,,,,,,,,,,,,,,,
865,,solicitude,specious,,,polemic,,,,,,,,,,,,,,,,,,
866,,soporific,spectrum,,,politesse,,,,,,,,,,,,,,,,,,
867,,sordid,speculate,,,politic,,,,,,,,,,,,,,,,,,
868,,spartan,sporadic,,,pomp,,,,,,,,,,,,,,,,,,
869,,specious,sportive,,,ponderous,,,,,,,,,,,,,,,,,,
870,,spendthrift,squalid,,,portentous,,,,,,,,,,,,,,,,,,
871,,splenetic,squelch,,,poseur,,,,,,,,,,,,,,,,,,
872,,sporadic,standing,,,posit,,,,,,,,,,,,,,,,,,
873,,spurious,stark,,,posthumous,,,,,,,,,,,,,,,,,,
874,,spurn,stasis,,,pragmatic,,,,,,,,,,,,,,,,,,
875,,squander,static,,,prattle,,,,,,,,,,,,,,,,,,
876,,squelch,status quo,,,precarious,,,,,,,,,,,,,,,,,,
877,,staid,steeped,,,precocious,,,,,,,,,,,,,,,,,,
878,,stalwart,stentorian,,,precursor,,,,,,,,,,,,,,,,,,
879,,start,stigma,,,predilection,,,,,,,,,,,,,,,,,,
880,,staunch,stingy,,,premonition,,,,,,,,,,,,,,,,,,
881,,steadfast,stint,,,prescient,,,,,,,,,,,,,,,,,,
882,,stem,stipulate,,,pretext,,,,,,,,,,,,,,,,,,
883,,stipend,stoic or stoical,,,prevarication,,,,,,,,,,,,,,,,,,
884,,stolid,stolid,,,primed,,,,,,,,,,,,,,,,,,
885,,stringent,stratagem,,,primordial,,,,,,,,,,,,,,,,,,
886,,stultify,stratum,,,pristine,,,,,,,,,,,,,,,,,,
887,,stymie,strut,,,proclivity,,,,,,,,,,,,,,,,,,
888,,subsume,stymie or stymy,,,prodigal,,,,,,,,,,,,,,,,,,
889,,subterfuge,subjective,,,prodigious,,,,,,,,,,,,,,,,,,
890,,subversive,sublime,,,profane,,,,,,,,,,,,,,,,,,
891,,sullen,subpoena,,,profligacy,,,,,,,,,,,,,,,,,,
892,,summit,subside,,,profound,,,,,,,,,,,,,,,,,,
893,,supercilious,substantiate,,,profuse,,,,,,,,,,,,,,,,,,
894,,superfluous,succeeding,,,progenitors,,,,,,,,,,,,,,,,,,
895,,supplant,sully,,,prognosticate,,,,,,,,,,,,,,,,,,
896,,surfeit,supersede,,,proliferate,,,,,,,,,,,,,,,,,,
897,,surly,supplant,,,prolific,,,,,,,,,,,,,,,,,,
898,,surreptitious,supplicate,,,prolix,,,,,,,,,,,,,,,,,,
899,,sybarite,supposition,,,prominent,,,,,,,,,,,,,,,,,,
900,,sycophant,surfeit,,,promulgate,,,,,,,,,,,,,,,,,,
901,,taciturn,surly,,,pronounced,,,,,,,,,,,,,,,,,,
902,,tact,surmise,,,propagate,,,,,,,,,,,,,,,,,,
903,,tantamount,surrogate,,,propensity,,,,,,,,,,,,,,,,,,
904,,tarnish,sybarite,,,prophetic,,,,,,,,,,,,,,,,,,
905,,tawdry,sycophant,,,propitious,,,,,,,,,,,,,,,,,,
906,,taxing,symbiosis,,,propriety,,,,,,,,,,,,,,,,,,
907,,telling,synchronous,,,prosaic,,,,,,,,,,,,,,,,,,
908,,telltale,synoptic,,,protean,,,,,,,,,,,,,,,,,,
909,,temerity,syntax,,,providential,,,,,,,,,,,,,,,,,,
910,,temperance,table,,,provincial,,,,,,,,,,,,,,,,,,
911,,tempered,tacit,,,prowess,,,,,,,,,,,,,,,,,,
912,,tempestuous,taciturn,,,proximity,,,,,,,,,,,,,,,,,,
913,,tenacious,tangential,,,prudent,,,,,,,,,,,,,,,,,,
914,,tendentious,tawdry,,,puerile,,,,,,,,,,,,,,,,,,
915,,tender,temperance,,,pugnacious,,,,,,,,,,,,,,,,,,
916,,thoroughgoing,tendentious,,,pulchritude,,,,,,,,,,,,,,,,,,
917,,thrifty,tenuous,,,punctilious,,,,,,,,,,,,,,,,,,
918,,thwart,terrestrial,,,pungent,,,,,,,,,,,,,,,,,,
919,,timorous,terse,,,punitive,,,,,,,,,,,,,,,,,,
920,,tirade,timely,,,purist,,,,,,,,,,,,,,,,,,
921,,torpor,timorous,,,pusillanimous,,,,,,,,,,,,,,,,,,
922,,tortuous,tirade,,,putrid,,,,,,,,,,,,,,,,,,
923,,tout,toady,,,quagmire,,,,,,,,,,,,,,,,,,
924,,tractable,token,,,quail,,,,,,,,,,,,,,,,,,
925,,transient,tome,,,quandary,,,,,,,,,,,,,,,,,,
926,,transitory,torpor,,,quash,,,,,,,,,,,,,,,,,,
927,,transmute,torrid,,,querulous,,,,,,,,,,,,,,,,,,
928,,travail,tortuous,,,quiescent,,,,,,,,,,,,,,,,,,
929,,travesty,tractable,,,quintessential,,,,,,,,,,,,,,,,,,
930,,treacherous,transgression,,,quixotic,,,,,,,,,,,,,,,,,,
931,,trenchant,transitory,,,quizzical,,,,,,,,,,,,,,,,,,
932,,tribulation,travesty,,,quotidian,,,,,,,,,,,,,,,,,,
933,,trite,treacherous,,,raconteur,,,,,,,,,,,,,,,,,,
934,,truculence,trenchant,,,ragamuffin,,,,,,,,,,,,,,,,,,
935,,truculent,trifling,,,raiment,,,,,,,,,,,,,,,,,,
936,,truncate,trite,,,ramification,,,,,,,,,,,,,,,,,,
937,,tumult,truculent,,,rampant,,,,,,,,,,,,,,,,,,
938,,turgid,tumultuous,,,rancorous,,,,,,,,,,,,,,,,,,
939,,turpitude,turgid,,,rankled,,,,,,,,,,,,,,,,,,
940,,tyro,turpitude,,,rapacious,,,,,,,,,,,,,,,,,,
941,,umbrage,tyro,,,rapt,,,,,,,,,,,,,,,,,,
942,,unassailable,ubiquitous,,,rapturous,,,,,,,,,,,,,,,,,,
943,,uncanny,umbrage,,,rarefied,,,,,,,,,,,,,,,,,,
944,,uncompromising,unconscionable,,,rash,,,,,,,,,,,,,,,,,,
945,,unconscionable,undermine,,,raucous,,,,,,,,,,,,,,,,,,
946,,undermine,underscore,,,raze,,,,,,,,,,,,,,,,,,
947,,underscore,unearth,,,readily,,,,,,,,,,,,,,,,,,
948,,underwrite,unequivocal,,,realization,,,,,,,,,,,,,,,,,,
949,,unequivocal,unprecedented,,,reap,,,,,,,,,,,,,,,,,,
950,,unflappable,unseemly,,,rebuttal,,,,,,,,,,,,,,,,,,
951,,unforthcoming,unsparing,,,recalcitrant,,,,,,,,,,,,,,,,,,
952,,unimpeachable,untempered,,,recant,,,,,,,,,,,,,,,,,,
953,,unnerve,upbraid,,,recapitulated,,,,,,,,,,,,,,,,,,
954,,unprecedented,usury,,,recidivist,,,,,,,,,,,,,,,,,,
955,,unprepossessing,vacillate,,,reclusive,,,,,,,,,,,,,,,,,,
956,,unpropitious,vanguard,,,recondite,,,,,,,,,,,,,,,,,,
957,,unruly,variegated,,,recrudescent,,,,,,,,,,,,,,,,,,
958,,unscrupulous,venerate,,,rectitude,,,,,,,,,,,,,,,,,,
959,,unseemly,veracity,,,redouble,,,,,,,,,,,,,,,,,,
960,,unstinting,verbose,,,redress,,,,,,,,,,,,,,,,,,
961,,untenable,verdant,,,reductive,,,,,,,,,,,,,,,,,,
962,,untoward,verisimilar,,,redundant,,,,,,,,,,,,,,,,,,
963,,untrammeled,vernal,,,refracted,,,,,,,,,,,,,,,,,,
964,,unviable,vestige,,,refractory,,,,,,,,,,,,,,,,,,
965,,upbraid,vex,,,refulgent,,,,,,,,,,,,,,,,,,
966,,urbane,via,,,refute,,,,,,,,,,,,,,,,,,
967,,vacillate,viable,,,rejuvenated,,,,,,,,,,,,,,,,,,
968,,vacuous,vicissitude,,,relinquish,,,,,,,,,,,,,,,,,,
969,,vanquish,vim,,,relish,,,,,,,,,,,,,,,,,,
970,,variance,vintage,,,remedial,,,,,,,,,,,,,,,,,,
971,,vaunted,virtual,,,reminiscent,,,,,,,,,,,,,,,,,,
972,,vehement,virulent,,,remiss,,,,,,,,,,,,,,,,,,
973,,venality,viscid or viscous,,,remunerated,,,,,,,,,,,,,,,,,,
974,,veneer,vitriol,,,renowned,,,,,,,,,,,,,,,,,,
975,,venerate,vituperate,,,repertoire,,,,,,,,,,,,,,,,,,
976,,venial,vociferous,,,replete,,,,,,,,,,,,,,,,,,
977,,veracious,volatile,,,reprehensible,,,,,,,,,,,,,,,,,,
978,,verisimilitude,voluble,,,reprobate,,,,,,,,,,,,,,,,,,
979,,veritable,wan,,,reprove,,,,,,,,,,,,,,,,,,
980,,vicarious,wanton,,,repudiate,,,,,,,,,,,,,,,,,,
981,,vicissitude,warranted,,,repugnant,,,,,,,,,,,,,,,,,,
982,,vie,wary,,,requisite,,,,,,,,,,,,,,,,,,
983,,vilify,welter,,,resigned,,,,,,,,,,,,,,,,,,
984,,vindicate,whereas,,,resilient,,,,,,,,,,,,,,,,,,
985,,vindictive,whet,,,resolute,,,,,,,,,,,,,,,,,,
986,,virago,whimsical,,,resonant,,,,,,,,,,,,,,,,,,
987,,vitriol,whitewash,,,respite,,,,,,,,,,,,,,,,,,
988,,vitriolic,wily,,,resplendent,,,,,,,,,,,,,,,,,,
989,,vituperate,winnow,,,restitution,,,,,,,,,,,,,,,,,,
990,,vociferous,winsome,,,restive,,,,,,,,,,,,,,,,,,
991,,volubility,wizened,,,resurgence,,,,,,,,,,,,,,,,,,
992,,voracious,xenophobia,,,reticent,,,,,,,,,,,,,,,,,,
993,,wanting,yoke,,,retiring,,,,,,,,,,,,,,,,,,
994,,wanton,zeal,,,retrenchment,,,,,,,,,,,,,,,,,,
995,,wax,zenith,,,retrospection,,,,,,,,,,,,,,,,,,
996,,whimsical,,,,revamp,,,,,,,,,,,,,,,,,,
997,,winsome,,,,revanche,,,,,,,,,,,,,,,,,,
998,,zeitgeist,,,,reverberate,,,,,,,,,,,,,,,,,,
999,,zenith,,,,reverent,,,,,,,,,,,,,,,,,,
1000,,,,,,revile,,,,,,,,,,,,,,,,,,
1001,,,,,,revulsion,,,,,,,,,,,,,,,,,,
1002,,,,,,rhapsodize,,,,,,,,,,,,,,,,,,
1003,,,,,,rhetorical,,,,,,,,,,,,,,,,,,
1004,,,,,,rickety,,,,,,,,,,,,,,,,,,
1005,,,,,,rift,,,,,,,,,,,,,,,,,,
1006,,,,,,riposte,,,,,,,,,,,,,,,,,,
1007,,,,,,risible,,,,,,,,,,,,,,,,,,
1008,,,,,,risque,,,,,,,,,,,,,,,,,,
1009,,,,,,roborant,,,,,,,,,,,,,,,,,,
1010,,,,,,robust,,,,,,,,,,,,,,,,,,
1011,,,,,,rotund,,,,,,,,,,,,,,,,,,
1012,,,,,,row,,,,,,,,,,,,,,,,,,
1013,,,,,,rudimentary,,,,,,,,,,,,,,,,,,
1014,,,,,,ruffian,,,,,,,,,,,,,,,,,,
1015,,,,,,ruminate,,,,,,,,,,,,,,,,,,
1016,,,,,,saccharine,,,,,,,,,,,,,,,,,,
1017,,,,,,sacrosanct,,,,,,,,,,,,,,,,,,
1018,,,,,,salacious,,,,,,,,,,,,,,,,,,
1019,,,,,,salient,,,,,,,,,,,,,,,,,,
1020,,,,,,salubrious,,,,,,,,,,,,,,,,,,
1021,,,,,,salutary,,,,,,,,,,,,,,,,,,
1022,,,,,,sangfroid,,,,,,,,,,,,,,,,,,
1023,,,,,,sanguine,,,,,,,,,,,,,,,,,,
1024,,,,,,sap,,,,,,,,,,,,,,,,,,
1025,,,,,,sapid,,,,,,,,,,,,,,,,,,
1026,,,,,,sapient,,,,,,,,,,,,,,,,,,
1027,,,,,,sardonic,,,,,,,,,,,,,,,,,,
1028,,,,,,sashayed,,,,,,,,,,,,,,,,,,
1029,,,,,,satiated,,,,,,,,,,,,,,,,,,
1030,,,,,,scanty,,,,,,,,,,,,,,,,,,
1031,,,,,,scapegoat,,,,,,,,,,,,,,,,,,
1032,,,,,,scathing,,,,,,,,,,,,,,,,,,
1033,,,,,,schadenfreude,,,,,,,,,,,,,,,,,,
1034,,,,,,schism,,,,,,,,,,,,,,,,,,
1035,,,,,,scintillating,,,,,,,,,,,,,,,,,,
1036,,,,,,sclerotic,,,,,,,,,,,,,,,,,,
1037,,,,,,scofflaw,,,,,,,,,,,,,,,,,,
1038,,,,,,scotch,,,,,,,,,,,,,,,,,,
1039,,,,,,scrupulous,,,,,,,,,,,,,,,,,,
1040,,,,,,scrutinize,,,,,,,,,,,,,,,,,,
1041,,,,,,scuffle,,,,,,,,,,,,,,,,,,
1042,,,,,,scurrilous,,,,,,,,,,,,,,,,,,
1043,,,,,,scuttle,,,,,,,,,,,,,,,,,,
1044,,,,,,secretes,,,,,,,,,,,,,,,,,,
1045,,,,,,sectarian,,,,,,,,,,,,,,,,,,
1046,,,,,,secular,,,,,,,,,,,,,,,,,,
1047,,,,,,sedentary,,,,,,,,,,,,,,,,,,
1048,,,,,,sedulous,,,,,,,,,,,,,,,,,,
1049,,,,,,segue,,,,,,,,,,,,,,,,,,
1050,,,,,,self-styled,,,,,,,,,,,,,,,,,,
1051,,,,,,semblance,,,,,,,,,,,,,,,,,,
1052,,,,,,seminal,,,,,,,,,,,,,,,,,,
1053,,,,,,sententious,,,,,,,,,,,,,,,,,,
1054,,,,,,sentient,,,,,,,,,,,,,,,,,,
1055,,,,,,sequacious,,,,,,,,,,,,,,,,,,
1056,,,,,,sere,,,,,,,,,,,,,,,,,,
1057,,,,,,serendipity,,,,,,,,,,,,,,,,,,
1058,,,,,,servile,,,,,,,,,,,,,,,,,,
1059,,,,,,sham,,,,,,,,,,,,,,,,,,
1060,,,,,,shard,,,,,,,,,,,,,,,,,,
1061,,,,,,shelve,,,,,,,,,,,,,,,,,,
1062,,,,,,shirk,,,,,,,,,,,,,,,,,,
1063,,,,,,showy,,,,,,,,,,,,,,,,,,
1064,,,,,,shrewd,,,,,,,,,,,,,,,,,,
1065,,,,,,simper,,,,,,,,,,,,,,,,,,
1066,,,,,,simulacrum,,,,,,,,,,,,,,,,,,
1067,,,,,,sinuous,,,,,,,,,,,,,,,,,,
1068,,,,,,skittish,,,,,,,,,,,,,,,,,,
1069,,,,,,skulduggery,,,,,,,,,,,,,,,,,,
1070,,,,,,skulk,,,,,,,,,,,,,,,,,,
1071,,,,,,slake,,,,,,,,,,,,,,,,,,
1072,,,,,,slander,,,,,,,,,,,,,,,,,,
1073,,,,,,slatternly,,,,,,,,,,,,,,,,,,
1074,,,,,,slipshod,,,,,,,,,,,,,,,,,,
1075,,,,,,slothful,,,,,,,,,,,,,,,,,,
1076,,,,,,slovenly,,,,,,,,,,,,,,,,,,
1077,,,,,,sojourn,,,,,,,,,,,,,,,,,,
1078,,,,,,solecism,,,,,,,,,,,,,,,,,,
1079,,,,,,solicitous,,,,,,,,,,,,,,,,,,
1080,,,,,,solidarity,,,,,,,,,,,,,,,,,,
1081,,,,,,solipsistic,,,,,,,,,,,,,,,,,,
1082,,,,,,somnolent,,,,,,,,,,,,,,,,,,
1083,,,,,,sonorous,,,,,,,,,,,,,,,,,,
1084,,,,,,sophistry,,,,,,,,,,,,,,,,,,
1085,,,,,,sophomoric,,,,,,,,,,,,,,,,,,
1086,,,,,,soporific,,,,,,,,,,,,,,,,,,
1087,,,,,,sordid,,,,,,,,,,,,,,,,,,
1088,,,,,,soupcon,,,,,,,,,,,,,,,,,,
1089,,,,,,sovereign,,,,,,,,,,,,,,,,,,
1090,,,,,,sparing,,,,,,,,,,,,,,,,,,
1091,,,,,,sparse,,,,,,,,,,,,,,,,,,
1092,,,,,,specious,,,,,,,,,,,,,,,,,,
1093,,,,,,spendthrift,,,,,,,,,,,,,,,,,,
1094,,,,,,splenetic,,,,,,,,,,,,,,,,,,
1095,,,,,,spurious,,,,,,,,,,,,,,,,,,
1096,,,,,,squalid,,,,,,,,,,,,,,,,,,
1097,,,,,,squelch,,,,,,,,,,,,,,,,,,
1098,,,,,,stalwart,,,,,,,,,,,,,,,,,,
1099,,,,,,stanch,,,,,,,,,,,,,,,,,,
1100,,,,,,staple,,,,,,,,,,,,,,,,,,
1101,,,,,,statuesque,,,,,,,,,,,,,,,,,,
1102,,,,,,staunch,,,,,,,,,,,,,,,,,,
1103,,,,,,steadfast,,,,,,,,,,,,,,,,,,
1104,,,,,,stigmas,,,,,,,,,,,,,,,,,,
1105,,,,,,stilted,,,,,,,,,,,,,,,,,,
1106,,,,,,stolid,,,,,,,,,,,,,,,,,,
1107,,,,,,storied,,,,,,,,,,,,,,,,,,
1108,,,,,,stratagem,,,,,,,,,,,,,,,,,,
1109,,,,,,streamlined,,,,,,,,,,,,,,,,,,
1110,,,,,,strenuous,,,,,,,,,,,,,,,,,,
1111,,,,,,stricture,,,,,,,,,,,,,,,,,,
1112,,,,,,strident,,,,,,,,,,,,,,,,,,
1113,,,,,,stringent,,,,,,,,,,,,,,,,,,
1114,,,,,,stultify,,,,,,,,,,,,,,,,,,
1115,,,,,,stupefied,,,,,,,,,,,,,,,,,,
1116,,,,,,subjective,,,,,,,,,,,,,,,,,,
1117,,,,,,sublime,,,,,,,,,,,,,,,,,,
1118,,,,,,subsequent,,,,,,,,,,,,,,,,,,
1119,,,,,,subsidy,,,,,,,,,,,,,,,,,,
1120,,,,,,substantiate,,,,,,,,,,,,,,,,,,
1121,,,,,,subversive,,,,,,,,,,,,,,,,,,
1122,,,,,,subvert,,,,,,,,,,,,,,,,,,
1123,,,,,,succor,,,,,,,,,,,,,,,,,,
1124,,,,,,succumb,,,,,,,,,,,,,,,,,,
1125,,,,,,sullen,,,,,,,,,,,,,,,,,,
1126,,,,,,sumptuary,,,,,,,,,,,,,,,,,,
1127,,,,,,superficial,,,,,,,,,,,,,,,,,,
1128,,,,,,supplant,,,,,,,,,,,,,,,,,,
1129,,,,,,surly,,,,,,,,,,,,,,,,,,
1130,,,,,,surmise,,,,,,,,,,,,,,,,,,
1131,,,,,,surpassing,,,,,,,,,,,,,,,,,,
1132,,,,,,surreptitious,,,,,,,,,,,,,,,,,,
1133,,,,,,susceptible,,,,,,,,,,,,,,,,,,
1134,,,,,,swathe,,,,,,,,,,,,,,,,,,
1135,,,,,,sybarite,,,,,,,,,,,,,,,,,,
1136,,,,,,sycophant,,,,,,,,,,,,,,,,,,
1137,,,,,,synergy,,,,,,,,,,,,,,,,,,
1138,,,,,,synoptic,,,,,,,,,,,,,,,,,,
1139,,,,,,syntax,,,,,,,,,,,,,,,,,,
1140,,,,,,taciturn,,,,,,,,,,,,,,,,,,
1141,,,,,,tangible,,,,,,,,,,,,,,,,,,
1142,,,,,,taxonomic,,,,,,,,,,,,,,,,,,
1143,,,,,,temerity,,,,,,,,,,,,,,,,,,
1144,,,,,,temperance,,,,,,,,,,,,,,,,,,
1145,,,,,,tempestuous,,,,,,,,,,,,,,,,,,
1146,,,,,,temporal,,,,,,,,,,,,,,,,,,
1147,,,,,,tenable,,,,,,,,,,,,,,,,,,
1148,,,,,,tendentious,,,,,,,,,,,,,,,,,,
1149,,,,,,tensile,,,,,,,,,,,,,,,,,,
1150,,,,,,tenuous,,,,,,,,,,,,,,,,,,
1151,,,,,,tepid,,,,,,,,,,,,,,,,,,
1152,,,,,,terse,,,,,,,,,,,,,,,,,,
1153,,,,,,timorous,,,,,,,,,,,,,,,,,,
1154,,,,,,tirade,,,,,,,,,,,,,,,,,,
1155,,,,,,titular,,,,,,,,,,,,,,,,,,
1156,,,,,,tonic,,,,,,,,,,,,,,,,,,
1157,,,,,,toothsome,,,,,,,,,,,,,,,,,,
1158,,,,,,torpid,,,,,,,,,,,,,,,,,,
1159,,,,,,tortuous,,,,,,,,,,,,,,,,,,
1160,,,,,,totalitarian,,,,,,,,,,,,,,,,,,
1161,,,,,,touted,,,,,,,,,,,,,,,,,,
1162,,,,,,tranquil,,,,,,,,,,,,,,,,,,
1163,,,,,,transgression,,,,,,,,,,,,,,,,,,
1164,,,,,,transitory,,,,,,,,,,,,,,,,,,
1165,,,,,,treacly,,,,,,,,,,,,,,,,,,
1166,,,,,,tremulous,,,,,,,,,,,,,,,,,,
1167,,,,,,trepidation,,,,,,,,,,,,,,,,,,
1168,,,,,,trifling,,,,,,,,,,,,,,,,,,
1169,,,,,,truculent,,,,,,,,,,,,,,,,,,
1170,,,,,,truncated,,,,,,,,,,,,,,,,,,
1171,,,,,,tumid,,,,,,,,,,,,,,,,,,
1172,,,,,,tumultuous,,,,,,,,,,,,,,,,,,
1173,,,,,,turbid,,,,,,,,,,,,,,,,,,
1174,,,,,,turgid,,,,,,,,,,,,,,,,,,
1175,,,,,,turpitude,,,,,,,,,,,,,,,,,,
1176,,,,,,ubiquitous,,,,,,,,,,,,,,,,,,
1177,,,,,,umbrage,,,,,,,,,,,,,,,,,,
1178,,,,,,unadorned,,,,,,,,,,,,,,,,,,
1179,,,,,,unassuming,,,,,,,,,,,,,,,,,,
1180,,,,,,unbridled,,,,,,,,,,,,,,,,,,
1181,,,,,,unconscionable,,,,,,,,,,,,,,,,,,
1182,,,,,,unconventional,,,,,,,,,,,,,,,,,,
1183,,,,,,unctuous,,,,,,,,,,,,,,,,,,
1184,,,,,,uncultivated,,,,,,,,,,,,,,,,,,
1185,,,,,,undermine,,,,,,,,,,,,,,,,,,
1186,,,,,,underscore,,,,,,,,,,,,,,,,,,
1187,,,,,,understated,,,,,,,,,,,,,,,,,,
1188,,,,,,undulate,,,,,,,,,,,,,,,,,,
1189,,,,,,uniform,,,,,,,,,,,,,,,,,,
1190,,,,,,unkempt,,,,,,,,,,,,,,,,,,
1191,,,,,,unpretentiousness,,,,,,,,,,,,,,,,,,
1192,,,,,,unpropitious,,,,,,,,,,,,,,,,,,
1193,,,,,,unruly,,,,,,,,,,,,,,,,,,
1194,,,,,,unsavory,,,,,,,,,,,,,,,,,,
1195,,,,,,untenable,,,,,,,,,,,,,,,,,,
1196,,,,,,untoward,,,,,,,,,,,,,,,,,,
1197,,,,,,unwieldy,,,,,,,,,,,,,,,,,,
1198,,,,,,upbraided,,,,,,,,,,,,,,,,,,
1199,,,,,,urbane,,,,,,,,,,,,,,,,,,
1200,,,,,,usurious,,,,,,,,,,,,,,,,,,
1201,,,,,,usurp,,,,,,,,,,,,,,,,,,
1202,,,,,,utilitarian,,,,,,,,,,,,,,,,,,
1203,,,,,,utopian,,,,,,,,,,,,,,,,,,
1204,,,,,,vacuous,,,,,,,,,,,,,,,,,,
1205,,,,,,vainglorious,,,,,,,,,,,,,,,,,,
1206,,,,,,vanquished,,,,,,,,,,,,,,,,,,
1207,,,,,,vapid,,,,,,,,,,,,,,,,,,
1208,,,,,,variegated,,,,,,,,,,,,,,,,,,
1209,,,,,,vaunted,,,,,,,,,,,,,,,,,,
1210,,,,,,vehement,,,,,,,,,,,,,,,,,,
1211,,,,,,venal,,,,,,,,,,,,,,,,,,
1212,,,,,,veracious,,,,,,,,,,,,,,,,,,
1213,,,,,,verbose,,,,,,,,,,,,,,,,,,
1214,,,,,,verboten,,,,,,,,,,,,,,,,,,
1215,,,,,,verisimilar,,,,,,,,,,,,,,,,,,
1216,,,,,,vernacular,,,,,,,,,,,,,,,,,,
1217,,,,,,vertiginous,,,,,,,,,,,,,,,,,,
1218,,,,,,vestige,,,,,,,,,,,,,,,,,,
1219,,,,,,vex,,,,,,,,,,,,,,,,,,
1220,,,,,,vicarious,,,,,,,,,,,,,,,,,,
1221,,,,,,vigilant,,,,,,,,,,,,,,,,,,
1222,,,,,,vilify,,,,,,,,,,,,,,,,,,
1223,,,,,,vindicate,,,,,,,,,,,,,,,,,,
1224,,,,,,vindictive,,,,,,,,,,,,,,,,,,
1225,,,,,,virtuoso,,,,,,,,,,,,,,,,,,
1226,,,,,,virulent,,,,,,,,,,,,,,,,,,
1227,,,,,,viscous,,,,,,,,,,,,,,,,,,
1228,,,,,,vitiate,,,,,,,,,,,,,,,,,,
1229,,,,,,vitriolic,,,,,,,,,,,,,,,,,,
1230,,,,,,vituperated,,,,,,,,,,,,,,,,,,
1231,,,,,,vivacious,,,,,,,,,,,,,,,,,,
1232,,,,,,vocation,,,,,,,,,,,,,,,,,,
1233,,,,,,vociferous,,,,,,,,,,,,,,,,,,
1234,,,,,,volatile,,,,,,,,,,,,,,,,,,
1235,,,,,,volition,,,,,,,,,,,,,,,,,,
1236,,,,,,voluminous,,,,,,,,,,,,,,,,,,
1237,,,,,,voracious,,,,,,,,,,,,,,,,,,
1238,,,,,,voyeur,,,,,,,,,,,,,,,,,,
1239,,,,,,waffle,,,,,,,,,,,,,,,,,,
1240,,,,,,wan,,,,,,,,,,,,,,,,,,
1241,,,,,,wane,,,,,,,,,,,,,,,,,,
1242,,,,,,wanting,,,,,,,,,,,,,,,,,,
1243,,,,,,waspish,,,,,,,,,,,,,,,,,,
1244,,,,,,watershed,,,,,,,,,,,,,,,,,,
1245,,,,,,wax,,,,,,,,,,,,,,,,,,
1246,,,,,,welter,,,,,,,,,,,,,,,,,,
1247,,,,,,whet,,,,,,,,,,,,,,,,,,
1248,,,,,,whimsical,,,,,,,,,,,,,,,,,,
1249,,,,,,willful,,,,,,,,,,,,,,,,,,
1250,,,,,,wily,,,,,,,,,,,,,,,,,,
1251,,,,,,winnow,,,,,,,,,,,,,,,,,,
1252,,,,,,winsome,,,,,,,,,,,,,,,,,,
1253,,,,,,wistful,,,,,,,,,,,,,,,,,,
1254,,,,,,wizened,,,,,,,,,,,,,,,,,,
1255,,,,,,wont,,,,,,,,,,,,,,,,,,
1256,,,,,,woo,,,,,,,,,,,,,,,,,,
1257,,,,,,workmanlike,,,,,,,,,,,,,,,,,,
1258,,,,,,worldly,,,,,,,,,,,,,,,,,,
1259,,,,,,wrongheaded,,,,,,,,,,,,,,,,,,
1260,,,,,,wry,,,,,,,,,,,,,,,,,,
1261,,,,,,zealous,,,,,,,,,,,,,,,,,,
1262,,,,,,zenith,,,,,,,,,,,,,,,,,,
1263,,,,,,zephyr,,,,,,,,,,,,,,,,,,
1264,,,,,,,,,,,,,,,,,,,,,,,,
1265,,,,,,,,,,,,,,,,,,,,,,,,
1266,,,,,,,,,,,,,,,,,,,,,,,,
1267,,,,,,,,,,,,,,,,,,,,,,,,
1268,,,,,,,,,,,,,,,,,,,,,,,,
1269,,,,,,,,,,,,,,,,,,,,,,,,
1270,,,,,,,,,,,,,,,,,,,,,,,,
1271,,,,,,,,,,,,,,,,,,,,,,,,
1272,,,,,,,,,,,,,,,,,,,,,,,,
1273,,,,,,,,,,,,,,,,,,,,,,,,
1274,,,,,,,,,,,,,,,,,,,,,,,,
1275,,,,,,,,,,,,,,,,,,,,,,,,
1276,,,,,,,,,,,,,,,,,,,,,,,,
1277,,,,,,,,,,,,,,,,,,,,,,,,
1278,,,,,,,,,,,,,,,,,,,,,,,,
1279,,,,,,,,,,,,,,,,,,,,,,,,
1280,,,,,,,,,,,,,,,,,,,,,,,,
1281,,,,,,,,,,,,,,,,,,,,,,,,
1282,,,,,,,,,,,,,,,,,,,,,,,,
1283,,,,,,,,,,,,,,,,,,,,,,,,
1284,,,,,,,,,,,,,,,,,,,,,,,,
1285,,,,,,,,,,,,,,,,,,,,,,,,
1286,,,,,,,,,,,,,,,,,,,,,,,,
1287,,,,,,,,,,,,,,,,,,,,,,,,
1288,,,,,,,,,,,,,,,,,,,,,,,,
1289,,,,,,,,,,,,,,,,,,,,,,,,
1290,,,,,,,,,,,,,,,,,,,,,,,,
1291,,,,,,,,,,,,,,,,,,,,,,,,
1292,,,,,,,,,,,,,,,,,,,,,,,,
1293,,,,,,,,,,,,,,,,,,,,,,,,
1294,,,,,,,,,,,,,,,,,,,,,,,,
1295,,,,,,,,,,,,,,,,,,,,,,,,
1296,,,,,,,,,,,,,,,,,,,,,,,,
1297,,,,,,,,,,,,,,,,,,,,,,,,
1298,,,,,,,,,,,,,,,,,,,,,,,,
1299,,,,,,,,,,,,,,,,,,,,,,,,
1300,,,,,,,,,,,,,,,,,,,,,,,,
,,,,,,,,,,,,,,,,,,,,,,,,
,,,,,,,,,,,,,,,,,,,,,,,,
,,,,,,,,,,,,,,,,,,,,,,,,
,,,,,,,,,,,,,,,,,,,,,,,,
,,,,,,,,,,,,,,,,,,,,,,,,
,,,,,,,,,,,,,,,,,,,,,,,,
,,,,,,,,,,,,,,,,,,,,,,,,
,,,,,,,,,,,,,,,,,,,,,,,,
,,,,,,,,,,,,,,,,,,,,,,,,
,,,,,,,,,,,,,,,,,,,,,,,,
,,,,,,,,,,,,,,,,,,,,,,,,
,,,,,,,,,,,,,,,,,,,,,,,,
,,,,,,,,,,,,,,,,,,,,,,,,
,,,,,,,,,,,,,,,,,,,,,,,,
,,,,,,,,,,,,,,,,,,,,,,,,
,,,,,,,,,,,,,,,,,,,,,,,,
,,,,,,,,,,,,,,,,,,,,,,,,
,,,,,,,,,,,,,,,,,,,,,,,,
,,,,,,,,,,,,,,,,,,,,,,,,
,,,,,,,,,,,,,,,,,,,,,,,,
,,,,,,,,,,,,,,,,,,,,,,,,
,,,,,,,,,,,,,,,,,,,,,,,,
,,,,,,,,,,,,,,,,,,,,,,,,
,,,,,,,,,,,,,,,,,,,,,,,,
,,,,,,,,,,,,,,,,,,,,,,,,
,,,,,,,,,,,,,,,,,,,,,,,,
,,,,,,,,,,,,,,,,,,,,,,,,
,,,,,,,,,,,,,,,,,,,,,,,,
,,,,,,,,,,,,,,,,,,,,,,,,
,,,,,,,,,,,,,,,,,,,,,,,,
,,,,,,,,,,,,,,,,,,,,,,,,
,,,,,,,,,,,,,,,,,,,,,,,,
,,,,,,,,,,,,,,,,,,,,,,,,
,,,,,,,,,,,,,,,,,,,,,,,,
,,,,,,,,,,,,,,,,,,,,,,,,
,,,,,,,,,,,,,,,,,,,,,,,,
,,,,,,,,,,,,,,,,,,,,,,,,
,,,,,,,,,,,,,,,,,,,,,,,,
,,,,,,,,,,,,,,,,,,,,,,,,
,,,,,,,,,,,,,,,,,,,,,,,,
,,,,,,,,,,,,,,,,,,,,,,,,
,,,,,,,,,,,,,,,,,,,,,,,,
,,,,,,,,,,,,,,,,,,,,,,,,
,,,,,,,,,,,,,,,,,,,,,,,,
,,,,,,,,,,,,,,,,,,,,,,,,
,,,,,,,,,,,,,,,,,,,,,,,,
,,,,,,,,,,,,,,,,,,,,,,,,
,,,,,,,,,,,,,,,,,,,,,,,,
,,,,,,,,,,,,,,,,,,,,,,,,
,,,,,,,,,,,,,,,,,,,,,,,,
,,,,,,,,,,,,,,,,,,,,,,,,
,,,,,,,,,,,,,,,,,,,,,,,,
,,,,,,,,,,,,,,,,,,,,,,,,
,,,,,,,,,,,,,,,,,,,,,,,,
,,,,,,,,,,,,,,,,,,,,,,,,
,,,,,,,,,,,,,,,,,,,,,,,,
,,,,,,,,,,,,,,,,,,,,,,,,
,,,,,,,,,,,,,,,,,,,,,,,,
,,,,,,,,,,,,,,,,,,,,,,,,
,,,,,,,,,,,,,,,,,,,,,,,,
,,,,,,,,,,,,,,,,,,,,,,,,
,,,,,,,,,,,,,,,,,,,,,,,,
,,,,,,,,,,,,,,,,,,,,,,,,
,,,,,,,,,,,,,,,,,,,,,,,,
,,,,,,,,,,,,,,,,,,,,,,,,
,,,,,,,,,,,,,,,,,,,,,,,,
,,,,,,,,,,,,,,,,,,,,,,,,
,,,,,,,,,,,,,,,,,,,,,,,,
,,,,,,,,,,,,,,,,,,,,,,,,
,,,,,,,,,,,,,,,,,,,,,,,,
,,,,,,,,,,,,,,,,,,,,,,,,
,,,,,,,,,,,,,,,,,,,,,,,,
,,,,,,,,,,,,,,,,,,,,,,,,
,,,,,,,,,,,,,,,,,,,,,,,,
,,,,,,,,,,,,,,,,,,,,,,,,
,,,,,,,,,,,,,,,,,,,,,,,,
,,,,,,,,,,,,,,,,,,,,,,,,
,,,,,,,,,,,,,,,,,,,,,,,,
,,,,,,,,,,,,,,,,,,,,,,,,
,,,,,,,,,,,,,,,,,,,,,,,,
,,,,,,,,,,,,,,,,,,,,,,,,
,,,,,,,,,,,,,,,,,,,,,,,,
,,,,,,,,,,,,,,,,,,,,,,,,
,,,,,,,,,,,,,,,,,,,,,,,,
,,,,,,,,,,,,,,,,,,,,,,,,
,,,,,,,,,,,,,,,,,,,,,,,,
,,,,,,,,,,,,,,,,,,,,,,,,
,,,,,,,,,,,,,,,,,,,,,,,,
,,,,,,,,,,,,,,,,,,,,,,,,
,,,,,,,,,,,,,,,,,,,,,,,,
,,,,,,,,,,,,,,,,,,,,,,,,
,,,,,,,,,,,,,,,,,,,,,,,,
,,,,,,,,,,,,,,,,,,,,,,,,
,,,,,,,,,,,,,,,,,,,,,,,,
,,,,,,,,,,,,,,,,,,,,,,,,
,,,,,,,,,,,,,,,,,,,,,,,,
,,,,,,,,,,,,,,,,,,,,,,,,
,,,,,,,,,,,,,,,,,,,,,,,,
,,,,,,,,,,,,,,,,,,,,,,,,
,,,,,,,,,,,,,,,,,,,,,,,,
,,,,,,,,,,,,,,,,,,,,,,,,
,,,,,,,,,,,,,,,,,,,,,,,,
,,,,,,,,,,,,,,,,,,,,,,,,
,,,,,,,,,,,,,,,,,,,,,,,,
,,,,,,,,,,,,,,,,,,,,,,,,
,,,,,,,,,,,,,,,,,,,,,,,,
,,,,,,,,,,,,,,,,,,,,,,,,
,,,,,,,,,,,,,,,,,,,,,,,,
,,,,,,,,,,,,,,,,,,,,,,,,
,,,,,,,,,,,,,,,,,,,,,,,,
,,,,,,,,,,,,,,,,,,,,,,,,
,,,,,,,,,,,,,,,,,,,,,,,,
,,,,,,,,,,,,,,,,,,,,,,,,
,,,,,,,,,,,,,,,,,,,,,,,,
,,,,,,,,,,,,,,,,,,,,,,,,
,,,,,,,,,,,,,,,,,,,,,,,,
,,,,,,,,,,,,,,,,,,,,,,,,
,,,,,,,,,,,,,,,,,,,,,,,,
,,,,,,,,,,,,,,,,,,,,,,,,
,,,,,,,,,,,,,,,,,,,,,,,,
,,,,,,,,,,,,,,,,,,,,,,,,
,,,,,,,,,,,,,,,,,,,,,,,,
,,,,,,,,,,,,,,,,,,,,,,,,
,,,,,,,,,,,,,,,,,,,,,,,,
,,,,,,,,,,,,,,,,,,,,,,,,
,,,,,,,,,,,,,,,,,,,,,,,,
,,,,,,,,,,,,,,,,,,,,,,,,
,,,,,,,,,,,,,,,,,,,,,,,,
,,,,,,,,,,,,,,,,,,,,,,,,
,,,,,,,,,,,,,,,,,,,,,,,,
,,,,,,,,,,,,,,,,,,,,,,,,
,,,,,,,,,,,,,,,,,,,,,,,,
,,,,,,,,,,,,,,,,,,,,,,,,
,,,,,,,,,,,,,,,,,,,,,,,,
,,,,,,,,,,,,,,,,,,,,,,,,
,,,,,,,,,,,,,,,,,,,,,,,,
,,,,,,,,,,,,,,,,,,,,,,,,
,,,,,,,,,,,,,,,,,,,,,,,,
,,,,,,,,,,,,,,,,,,,,,,,,
,,,,,,,,,,,,,,,,,,,,,,,,
,,,,,,,,,,,,,,,,,,,,,,,,
,,,,,,,,,,,,,,,,,,,,,,,,
,,,,,,,,,,,,,,,,,,,,,,,,
,,,,,,,,,,,,,,,,,,,,,,,,
,,,,,,,,,,,,,,,,,,,,,,,,
,,,,,,,,,,,,,,,,,,,,,,,,
,,,,,,,,,,,,,,,,,,,,,,,,
,,,,,,,,,,,,,,,,,,,,,,,,
,,,,,,,,,,,,,,,,,,,,,,,,
,,,,,,,,,,,,,,,,,,,,,,,,
,,,,,,,,,,,,,,,,,,,,,,,,
,,,,,,,,,,,,,,,,,,,,,,,,
,,,,,,,,,,,,,,,,,,,,,,,,
,,,,,,,,,,,,,,,,,,,,,,,,
,,,,,,,,,,,,,,,,,,,,,,,,
,,,,,,,,,,,,,,,,,,,,,,,,
,,,,,,,,,,,,,,,,,,,,,,,,
,,,,,,,,,,,,,,,,,,,,,,,,
,,,,,,,,,,,,,,,,,,,,,,,,
,,,,,,,,,,,,,,,,,,,,,,,,
,,,,,,,,,,,,,,,,,,,,,,,,
,,,,,,,,,,,,,,,,,,,,,,,,
,,,,,,,,,,,,,,,,,,,,,,,,
,,,,,,,,,,,,,,,,,,,,,,,,
,,,,,,,,,,,,,,,,,,,,,,,,
,,,,,,,,,,,,,,,,,,,,,,,,
,,,,,,,,,,,,,,,,,,,,,,,,
,,,,,,,,,,,,,,,,,,,,,,,,
,,,,,,,,,,,,,,,,,,,,,,,,
,,,,,,,,,,,,,,,,,,,,,,,,
,,,,,,,,,,,,,,,,,,,,,,,,
,,,,,,,,,,,,,,,,,,,,,,,,
,,,,,,,,,,,,,,,,,,,,,,,,
,,,,,,,,,,,,,,,,,,,,,,,,
,,,,,,,,,,,,,,,,,,,,,,,,
,,,,,,,,,,,,,,,,,,,,,,,,
,,,,,,,,,,,,,,,,,,,,,,,,
,,,,,,,,,,,,,,,,,,,,,,,,
,,,,,,,,,,,,,,,,,,,,,,,,
,,,,,,,,,,,,,,,,,,,,,,,,
,,,,,,,,,,,,,,,,,,,,,,,,
,,,,,,,,,,,,,,,,,,,,,,,,
,,,,,,,,,,,,,,,,,,,,,,,,
,,,,,,,,,,,,,,,,,,,,,,,,
,,,,,,,,,,,,,,,,,,,,,,,,
,,,,,,,,,,,,,,,,,,,,,,,,
,,,,,,,,,,,,,,,,,,,,,,,,
,,,,,,,,,,,,,,,,,,,,,,,,
,,,,,,,,,,,,,,,,,,,,,,,,
,,,,,,,,,,,,,,,,,,,,,,,,
,,,,,,,,,,,,,,,,,,,,,,,,
,,,,,,,,,,,,,,,,,,,,,,,,
,,,,,,,,,,,,,,,,,,,,,,,,
,,,,,,,,,,,,,,,,,,,,,,,,
,,,,,,,,,,,,,,,,,,,,,,,,
,,,,,,,,,,,,,,,,,,,,,,,,
,,,,,,,,,,,,,,,,,,,,,,,,
,,,,,,,,,,,,,,,,,,,,,,,,
,,,,,,,,,,,,,,,,,,,,,,,,
,,,,,,,,,,,,,,,,,,,,,,,,
,,,,,,,,,,,,,,,,,,,,,,,,
,,,,,,,,,,,,,,,,,,,,,,,,
,,,,,,,,,,,,,,,,,,,,,,,,
,,,,,,,,,,,,,,,,,,,,,,,,
,,,,,,,,,,,,,,,,,,,,,,,,
,,,,,,,,,,,,,,,,,,,,,,,,
,,,,,,,,,,,,,,,,,,,,,,,,
,,,,,,,,,,,,,,,,,,,,,,,,
,,,,,,,,,,,,,,,,,,,,,,,,
